{"payload":{"installed_packages":["appnope==0.1.4","asttokens==3.0.0","attrs==25.1.0","autocommand==2.2.2","backports.tarfile==1.2.0","certifi==2025.1.31","charset-normalizer==3.4.1","comet_ml==3.49.0","comm==0.2.2","configobj==5.0.9","contourpy==1.3.1","cycler==0.12.1","debugpy==1.8.12","decorator==5.1.1","dulwich==0.22.7","everett==3.1.0","executing==2.2.0","filelock==3.17.0","fonttools==4.56.0","fsspec==2025.2.0","gitdb==4.0.12","gitpython==3.1.44","idna==3.10","importlib_metadata==8.0.0","inflect==7.3.1","ipykernel==6.29.5","ipython==8.32.0","jaraco.collections==5.1.0","jaraco.context==5.3.0","jaraco.functools==4.0.1","jaraco.text==3.12.1","jedi==0.19.2","jinja2==3.1.5","jsonschema==4.23.0","jsonschema-specifications==2024.10.1","jupyter_client==8.6.3","jupyter_core==5.7.2","kiwisolver==1.4.8","markdown-it-py==3.0.0","markupsafe==3.0.2","matplotlib==3.10.0","matplotlib-inline==0.1.7","mdurl==0.1.2","more-itertools==10.3.0","mpmath==1.3.0","nest-asyncio==1.6.0","networkx==3.4.2","numpy==2.1.1","opencv-python==4.11.0.86","packaging==24.2","packaging==24.2","pandas==2.2.3","parso==0.8.4","pexpect==4.9.0","pillow==11.1.0","pip==24.2","platformdirs==4.2.2","platformdirs==4.3.6","prompt_toolkit==3.0.50","psutil==6.1.1","ptyprocess==0.7.0","pure_eval==0.2.3","py-cpuinfo==9.0.0","pygments==2.19.1","pymupdf==1.25.3","pyparsing==3.2.1","python-box==6.1.0","python-dateutil==2.9.0.post0","pytz==2025.1","pyyaml==6.0.2","pyzmq==26.2.1","referencing==0.36.2","requests==2.32.3","requests-toolbelt==1.0.0","rich==13.9.4","rpds-py==0.22.3","scipy==1.15.2","seaborn==0.13.2","semantic-version==2.10.0","sentry-sdk==2.21.0","setuptools==75.8.0","simplejson==3.20.1","six==1.17.0","smmap==5.0.2","stack-data==0.6.3","sympy==1.13.1","thop==0.1.1-2209072238","tomli==2.0.1","torch==2.6.0","torchvision==0.21.0","tornado==6.4.2","tqdm==4.67.1","traitlets==5.14.3","typeguard==4.3.0","typing_extensions==4.12.2","typing_extensions==4.12.2","tzdata==2025.1","ultralytics==8.3.75","ultralytics-thop==2.0.14","urllib3==2.3.0","utils==1.0.2","wcwidth==0.2.13","wheel==0.43.0","wrapt==1.17.2","wurlitzer==3.1.1","zipp==3.19.2"],"message_id":1},"type":"installed_packages"}
{"payload":{"command":["train.py","--img","400","--batch","21","--epochs","155","--data","blueprints.yaml","--weights","yolov5s.pt","--hyp","hyps/hyp.no-augmentation.yaml","--cache"],"env":null,"hostname":"Rithwans-MacBook-Pro.local","ip":"10.243.25.119","machine":"arm64","message_id":2,"os":"macOS-14.6.1-arm64-arm-64bit","os_release":"23.6.0","os_type":"Darwin","pid":32365,"processor":"arm","python_exe":"/Users/rithwanali/Documents/auto_blueprint/Auto-Blueprints/venv/bin/python","python_version":"3.12.5","python_version_verbose":"3.12.5 (v3.12.5:ff3bc82f7c9, Aug  7 2024, 05:32:06) [Clang 13.0.0 (clang-1300.0.29.30)]","user":"rithwanali"},"type":"system_details"}
{"payload":{"local_timestamp":1739889792702,"message_id":3,"metric":{"epoch":null,"metricName":"sys.cpu.percent.avg","metricValue":0.0,"step":null}},"type":"metric_msg"}
{"payload":{"local_timestamp":1739889792702,"message_id":4,"metric":{"epoch":null,"metricName":"sys.ram.total","metricValue":8589934592,"step":null}},"type":"metric_msg"}
{"payload":{"local_timestamp":1739889792703,"message_id":5,"metric":{"epoch":null,"metricName":"sys.ram.used","metricValue":5638324224,"step":null}},"type":"metric_msg"}
{"payload":{"local_timestamp":1739889792703,"message_id":6,"metric":{"epoch":null,"metricName":"sys.ram.available","metricValue":2951610368,"step":null}},"type":"metric_msg"}
{"payload":{"local_timestamp":1739889792703,"message_id":7,"metric":{"epoch":null,"metricName":"sys.ram.percent.used","metricValue":65.6,"step":null}},"type":"metric_msg"}
{"payload":{"local_timestamp":1739889792703,"message_id":8,"metric":{"epoch":null,"metricName":"sys.load.avg","metricValue":5.63818359375,"step":null}},"type":"metric_msg"}
{"payload":{"local_timestamp":1739889792703,"message_id":9,"param":{"paramName":"img","paramValue":400,"source":"cli","step":null}},"type":"parameter_msg"}
{"payload":{"local_timestamp":1739889792703,"message_id":10,"param":{"paramName":"batch","paramValue":21,"source":"cli","step":null}},"type":"parameter_msg"}
{"payload":{"local_timestamp":1739889792703,"message_id":11,"param":{"paramName":"epochs","paramValue":155,"source":"cli","step":null}},"type":"parameter_msg"}
{"payload":{"local_timestamp":1739889792703,"message_id":12,"param":{"paramName":"data","paramValue":"blueprints.yaml","source":"cli","step":null}},"type":"parameter_msg"}
{"payload":{"local_timestamp":1739889792704,"message_id":13,"param":{"paramName":"weights","paramValue":"yolov5s.pt","source":"cli","step":null}},"type":"parameter_msg"}
{"payload":{"local_timestamp":1739889792704,"message_id":14,"param":{"paramName":"hyp","paramValue":"hyps/hyp.no-augmentation.yaml","source":"cli","step":null}},"type":"parameter_msg"}
{"payload":{"local_timestamp":1739889792704,"message_id":15,"param":{"paramName":"cache","paramValue":true,"source":"cli","step":null}},"type":"parameter_msg"}
{"payload":{"key":"offline_experiment","message_id":16,"value":true},"type":"log_other"}
{"payload":{"key":"Name","message_id":17,"value":"exp"},"type":"log_other"}
{"payload":{"additional_params":{"assetId":"2c5eb5f313e046558f03773d867fedc0","context":null,"extension":"yaml","fileName":"blueprints.yaml","overwrite":false,"runId":null,"step":null},"clean":true,"file_path":"tmpr1qqzuo6","local_timestamp":1739889792709,"message_id":18,"metadata":{"type":"data-config-file"},"upload_type":"asset"},"type":"file_upload"}
{"payload":{"key":"Created from","message_id":19,"value":"YOLOv5"},"type":"log_other"}
{"payload":{"key":"hasNestedParams","message_id":20,"value":true},"type":"log_other"}
{"payload":{"local_timestamp":1739889792714,"message_id":21,"param":{"paramName":"artifact_alias","paramValue":"latest","source":"manual","step":null}},"type":"parameter_msg"}
{"payload":{"local_timestamp":1739889792714,"message_id":22,"param":{"paramName":"batch_size","paramValue":21,"source":"manual","step":null}},"type":"parameter_msg"}
{"payload":{"local_timestamp":1739889792714,"message_id":23,"param":{"paramName":"bbox_interval","paramValue":-1,"source":"manual","step":null}},"type":"parameter_msg"}
{"payload":{"local_timestamp":1739889792714,"message_id":24,"param":{"paramName":"bucket","paramValue":"","source":"manual","step":null}},"type":"parameter_msg"}
{"payload":{"local_timestamp":1739889792714,"message_id":25,"param":{"paramName":"cache","paramValue":"ram","source":"manual","step":null}},"type":"parameter_msg"}
{"payload":{"local_timestamp":1739889792714,"message_id":26,"param":{"paramName":"cfg","paramValue":"","source":"manual","step":null}},"type":"parameter_msg"}
{"payload":{"local_timestamp":1739889792715,"message_id":27,"param":{"paramName":"cos_lr","paramValue":false,"source":"manual","step":null}},"type":"parameter_msg"}
{"payload":{"local_timestamp":1739889792715,"message_id":28,"param":{"paramName":"device","paramValue":"","source":"manual","step":null}},"type":"parameter_msg"}
{"payload":{"local_timestamp":1739889792715,"message_id":29,"param":{"paramName":"entity","paramValue":null,"source":"manual","step":null}},"type":"parameter_msg"}
{"payload":{"local_timestamp":1739889792715,"message_id":30,"param":{"paramName":"evolve","paramValue":null,"source":"manual","step":null}},"type":"parameter_msg"}
{"payload":{"local_timestamp":1739889792715,"message_id":31,"param":{"paramName":"evolve_population","paramValue":"data/hyps","source":"manual","step":null}},"type":"parameter_msg"}
{"payload":{"local_timestamp":1739889792715,"message_id":32,"param":{"paramName":"exist_ok","paramValue":false,"source":"manual","step":null}},"type":"parameter_msg"}
{"payload":{"local_timestamp":1739889792715,"message_id":33,"params":{"paramName":"freeze","paramValue":[0],"source":"manual","step":null}},"type":"parameter_msg"}
{"payload":{"local_timestamp":1739889792715,"message_id":34,"param":{"paramName":"hyp|box","paramValue":18.27875,"source":"manual","step":null}},"type":"parameter_msg"}
{"payload":{"local_timestamp":1739889792715,"message_id":35,"param":{"paramName":"hyp|cls","paramValue":1.32899,"source":"manual","step":null}},"type":"parameter_msg"}
{"payload":{"local_timestamp":1739889792715,"message_id":36,"param":{"paramName":"hyp|copy_paste","paramValue":0.0,"source":"manual","step":null}},"type":"parameter_msg"}
{"payload":{"local_timestamp":1739889792715,"message_id":37,"param":{"paramName":"hyp|degrees","paramValue":0.0,"source":"manual","step":null}},"type":"parameter_msg"}
{"payload":{"local_timestamp":1739889792715,"message_id":38,"param":{"paramName":"hyp|dfl","paramValue":0.56016,"source":"manual","step":null}},"type":"parameter_msg"}
{"payload":{"local_timestamp":1739889792715,"message_id":39,"param":{"paramName":"hyp|fliplr","paramValue":0.0,"source":"manual","step":null}},"type":"parameter_msg"}
{"payload":{"local_timestamp":1739889792715,"message_id":40,"param":{"paramName":"hyp|flipud","paramValue":0.0,"source":"manual","step":null}},"type":"parameter_msg"}
{"payload":{"local_timestamp":1739889792715,"message_id":41,"param":{"paramName":"hyp|hsv_h","paramValue":0,"source":"manual","step":null}},"type":"parameter_msg"}
{"payload":{"local_timestamp":1739889792715,"message_id":42,"param":{"paramName":"hyp|hsv_s","paramValue":0,"source":"manual","step":null}},"type":"parameter_msg"}
{"payload":{"local_timestamp":1739889792715,"message_id":43,"param":{"paramName":"hyp|hsv_v","paramValue":0,"source":"manual","step":null}},"type":"parameter_msg"}
{"payload":{"local_timestamp":1739889792715,"message_id":44,"param":{"paramName":"hyp|lr0","paramValue":0.00269,"source":"manual","step":null}},"type":"parameter_msg"}
{"payload":{"local_timestamp":1739889792715,"message_id":45,"param":{"paramName":"hyp|lrf","paramValue":0.00288,"source":"manual","step":null}},"type":"parameter_msg"}
{"payload":{"local_timestamp":1739889792715,"message_id":46,"param":{"paramName":"hyp|mixup","paramValue":0.0,"source":"manual","step":null}},"type":"parameter_msg"}
{"payload":{"local_timestamp":1739889792715,"message_id":47,"param":{"paramName":"hyp|momentum","paramValue":0.73375,"source":"manual","step":null}},"type":"parameter_msg"}
{"payload":{"local_timestamp":1739889792715,"message_id":48,"param":{"paramName":"hyp|mosaic","paramValue":0.0,"source":"manual","step":null}},"type":"parameter_msg"}
{"payload":{"local_timestamp":1739889792715,"message_id":49,"param":{"paramName":"hyp|perspective","paramValue":0.0,"source":"manual","step":null}},"type":"parameter_msg"}
{"payload":{"local_timestamp":1739889792715,"message_id":50,"param":{"paramName":"hyp|scale","paramValue":0,"source":"manual","step":null}},"type":"parameter_msg"}
{"payload":{"local_timestamp":1739889792715,"message_id":51,"param":{"paramName":"hyp|shear","paramValue":0,"source":"manual","step":null}},"type":"parameter_msg"}
{"payload":{"local_timestamp":1739889792715,"message_id":52,"param":{"paramName":"hyp|translate","paramValue":0,"source":"manual","step":null}},"type":"parameter_msg"}
{"payload":{"local_timestamp":1739889792715,"message_id":53,"param":{"paramName":"hyp|warmup_epochs","paramValue":1.22935,"source":"manual","step":null}},"type":"parameter_msg"}
{"payload":{"local_timestamp":1739889792715,"message_id":54,"param":{"paramName":"hyp|warmup_momentum","paramValue":0.1525,"source":"manual","step":null}},"type":"parameter_msg"}
{"payload":{"local_timestamp":1739889792715,"message_id":55,"param":{"paramName":"hyp|weight_decay","paramValue":0.00015,"source":"manual","step":null}},"type":"parameter_msg"}
{"payload":{"local_timestamp":1739889792715,"message_id":56,"param":{"paramName":"image_weights","paramValue":false,"source":"manual","step":null}},"type":"parameter_msg"}
{"payload":{"local_timestamp":1739889792715,"message_id":57,"param":{"paramName":"imgsz","paramValue":400,"source":"manual","step":null}},"type":"parameter_msg"}
{"payload":{"local_timestamp":1739889792715,"message_id":58,"param":{"paramName":"label_smoothing","paramValue":0.0,"source":"manual","step":null}},"type":"parameter_msg"}
{"payload":{"local_timestamp":1739889792715,"message_id":59,"param":{"paramName":"local_rank","paramValue":-1,"source":"manual","step":null}},"type":"parameter_msg"}
{"payload":{"local_timestamp":1739889792715,"message_id":60,"param":{"paramName":"multi_scale","paramValue":false,"source":"manual","step":null}},"type":"parameter_msg"}
{"payload":{"local_timestamp":1739889792715,"message_id":61,"param":{"paramName":"name","paramValue":"exp","source":"manual","step":null}},"type":"parameter_msg"}
{"payload":{"local_timestamp":1739889792715,"message_id":62,"param":{"paramName":"ndjson_console","paramValue":false,"source":"manual","step":null}},"type":"parameter_msg"}
{"payload":{"local_timestamp":1739889792715,"message_id":63,"param":{"paramName":"ndjson_file","paramValue":false,"source":"manual","step":null}},"type":"parameter_msg"}
{"payload":{"local_timestamp":1739889792715,"message_id":64,"param":{"paramName":"noautoanchor","paramValue":false,"source":"manual","step":null}},"type":"parameter_msg"}
{"payload":{"local_timestamp":1739889792715,"message_id":65,"param":{"paramName":"noplots","paramValue":false,"source":"manual","step":null}},"type":"parameter_msg"}
{"payload":{"local_timestamp":1739889792715,"message_id":66,"param":{"paramName":"nosave","paramValue":false,"source":"manual","step":null}},"type":"parameter_msg"}
{"payload":{"local_timestamp":1739889792715,"message_id":67,"param":{"paramName":"noval","paramValue":false,"source":"manual","step":null}},"type":"parameter_msg"}
{"payload":{"local_timestamp":1739889792715,"message_id":68,"param":{"paramName":"optimizer","paramValue":"SGD","source":"manual","step":null}},"type":"parameter_msg"}
{"payload":{"local_timestamp":1739889792715,"message_id":69,"param":{"paramName":"patience","paramValue":100,"source":"manual","step":null}},"type":"parameter_msg"}
{"payload":{"local_timestamp":1739889792715,"message_id":70,"param":{"paramName":"project","paramValue":"runs/train","source":"manual","step":null}},"type":"parameter_msg"}
{"payload":{"local_timestamp":1739889792715,"message_id":71,"param":{"paramName":"quad","paramValue":false,"source":"manual","step":null}},"type":"parameter_msg"}
{"payload":{"local_timestamp":1739889792715,"message_id":72,"param":{"paramName":"rect","paramValue":false,"source":"manual","step":null}},"type":"parameter_msg"}
{"payload":{"local_timestamp":1739889792715,"message_id":73,"param":{"paramName":"resume","paramValue":false,"source":"manual","step":null}},"type":"parameter_msg"}
{"payload":{"local_timestamp":1739889792715,"message_id":74,"param":{"paramName":"resume_evolve","paramValue":null,"source":"manual","step":null}},"type":"parameter_msg"}
{"payload":{"local_timestamp":1739889792715,"message_id":75,"param":{"paramName":"save_dir","paramValue":"runs/train/exp2","source":"manual","step":null}},"type":"parameter_msg"}
{"payload":{"local_timestamp":1739889792715,"message_id":76,"param":{"paramName":"save_period","paramValue":-1,"source":"manual","step":null}},"type":"parameter_msg"}
{"payload":{"local_timestamp":1739889792715,"message_id":77,"param":{"paramName":"seed","paramValue":0,"source":"manual","step":null}},"type":"parameter_msg"}
{"payload":{"local_timestamp":1739889792715,"message_id":78,"param":{"paramName":"single_cls","paramValue":false,"source":"manual","step":null}},"type":"parameter_msg"}
{"payload":{"local_timestamp":1739889792715,"message_id":79,"param":{"paramName":"sync_bn","paramValue":false,"source":"manual","step":null}},"type":"parameter_msg"}
{"payload":{"local_timestamp":1739889792715,"message_id":80,"param":{"paramName":"upload_dataset","paramValue":false,"source":"manual","step":null}},"type":"parameter_msg"}
{"payload":{"local_timestamp":1739889792715,"message_id":81,"param":{"paramName":"workers","paramValue":8,"source":"manual","step":null}},"type":"parameter_msg"}
{"payload":{"local_timestamp":1739889792715,"message_id":82,"param":{"paramName":"box","paramValue":18.27875,"source":"manual","step":null}},"type":"parameter_msg"}
{"payload":{"local_timestamp":1739889792715,"message_id":83,"param":{"paramName":"cls","paramValue":1.32899,"source":"manual","step":null}},"type":"parameter_msg"}
{"payload":{"local_timestamp":1739889792716,"message_id":84,"param":{"paramName":"copy_paste","paramValue":0.0,"source":"manual","step":null}},"type":"parameter_msg"}
{"payload":{"local_timestamp":1739889792716,"message_id":85,"param":{"paramName":"degrees","paramValue":0.0,"source":"manual","step":null}},"type":"parameter_msg"}
{"payload":{"local_timestamp":1739889792716,"message_id":86,"param":{"paramName":"dfl","paramValue":0.56016,"source":"manual","step":null}},"type":"parameter_msg"}
{"payload":{"local_timestamp":1739889792716,"message_id":87,"param":{"paramName":"fliplr","paramValue":0.0,"source":"manual","step":null}},"type":"parameter_msg"}
{"payload":{"local_timestamp":1739889792716,"message_id":88,"param":{"paramName":"flipud","paramValue":0.0,"source":"manual","step":null}},"type":"parameter_msg"}
{"payload":{"local_timestamp":1739889792716,"message_id":89,"param":{"paramName":"hsv_h","paramValue":0,"source":"manual","step":null}},"type":"parameter_msg"}
{"payload":{"local_timestamp":1739889792716,"message_id":90,"param":{"paramName":"hsv_s","paramValue":0,"source":"manual","step":null}},"type":"parameter_msg"}
{"payload":{"local_timestamp":1739889792716,"message_id":91,"param":{"paramName":"hsv_v","paramValue":0,"source":"manual","step":null}},"type":"parameter_msg"}
{"payload":{"local_timestamp":1739889792716,"message_id":92,"param":{"paramName":"lr0","paramValue":0.00269,"source":"manual","step":null}},"type":"parameter_msg"}
{"payload":{"local_timestamp":1739889792716,"message_id":93,"param":{"paramName":"lrf","paramValue":0.00288,"source":"manual","step":null}},"type":"parameter_msg"}
{"payload":{"local_timestamp":1739889792716,"message_id":94,"param":{"paramName":"mixup","paramValue":0.0,"source":"manual","step":null}},"type":"parameter_msg"}
{"payload":{"local_timestamp":1739889792716,"message_id":95,"param":{"paramName":"momentum","paramValue":0.73375,"source":"manual","step":null}},"type":"parameter_msg"}
{"payload":{"local_timestamp":1739889792716,"message_id":96,"param":{"paramName":"mosaic","paramValue":0.0,"source":"manual","step":null}},"type":"parameter_msg"}
{"payload":{"local_timestamp":1739889792716,"message_id":97,"param":{"paramName":"perspective","paramValue":0.0,"source":"manual","step":null}},"type":"parameter_msg"}
{"payload":{"local_timestamp":1739889792716,"message_id":98,"param":{"paramName":"scale","paramValue":0,"source":"manual","step":null}},"type":"parameter_msg"}
{"payload":{"local_timestamp":1739889792716,"message_id":99,"param":{"paramName":"shear","paramValue":0,"source":"manual","step":null}},"type":"parameter_msg"}
{"payload":{"local_timestamp":1739889792716,"message_id":100,"param":{"paramName":"translate","paramValue":0,"source":"manual","step":null}},"type":"parameter_msg"}
{"payload":{"local_timestamp":1739889792716,"message_id":101,"param":{"paramName":"warmup_epochs","paramValue":1.22935,"source":"manual","step":null}},"type":"parameter_msg"}
{"payload":{"local_timestamp":1739889792716,"message_id":102,"param":{"paramName":"warmup_momentum","paramValue":0.1525,"source":"manual","step":null}},"type":"parameter_msg"}
{"payload":{"local_timestamp":1739889792716,"message_id":103,"param":{"paramName":"weight_decay","paramValue":0.00015,"source":"manual","step":null}},"type":"parameter_msg"}
{"payload":{"additional_params":{"assetId":"4c47d0a87dec4326b80acbbcd25c7025","context":null,"epoch":null,"extension":"json","fileName":"hyperparameters.json","overwrite":false,"runId":null,"step":null},"clean":true,"file_path":"tmpeni1zw4s","local_timestamp":1739889792730,"message_id":104,"metadata":{"type":"hyp-config-file"},"upload_type":"asset"},"type":"file_upload"}
{"payload":{"additional_params":{"assetId":"7200e27387864c67af8f5fbd96933c4c","context":null,"extension":"yaml","fileName":"opt.yaml","overwrite":false,"runId":null,"step":null},"clean":true,"file_path":"tmpujon4jvs","local_timestamp":1739889792726,"message_id":105,"metadata":{"type":"opt-config-file"},"upload_type":"asset"},"type":"file_upload"}
{"payload":{"local_timestamp":1739889792727,"message_id":106,"param":{"paramName":"val_conf_threshold","paramValue":0.001,"source":"manual","step":null}},"type":"parameter_msg"}
{"payload":{"local_timestamp":1739889792727,"message_id":107,"param":{"paramName":"val_iou_threshold","paramValue":0.6,"source":"manual","step":null}},"type":"parameter_msg"}
{"payload":{"key":"comet_mode","message_id":108,"value":"online"},"type":"log_other"}
{"payload":{"key":"comet_max_image_uploads","message_id":109,"value":100},"type":"log_other"}
{"payload":{"key":"comet_log_per_class_metrics","message_id":110,"value":false},"type":"log_other"}
{"payload":{"key":"comet_log_batch_metrics","message_id":111,"value":false},"type":"log_other"}
{"payload":{"key":"comet_log_confusion_matrix","message_id":112,"value":true},"type":"log_other"}
{"payload":{"key":"comet_model_name","message_id":113,"value":"yolov5"},"type":"log_other"}
{"payload":{"local_timestamp":1739889792805,"message_id":114,"output":"Overriding model.yaml nc=80 with nc=2\n","stderr":true},"type":"standard_output"}
{"payload":{"local_timestamp":1739889792805,"message_id":115,"output":"\n                 from  n    params  module                                  arguments                     \n","stderr":true},"type":"standard_output"}
{"payload":{"local_timestamp":1739889792806,"message_id":116,"output":"  0                -1  1      3520  models.common.Conv                      [3, 32, 6, 2, 2]              \n","stderr":true},"type":"standard_output"}
{"payload":{"local_timestamp":1739889792807,"message_id":117,"output":"  1                -1  1     18560  models.common.Conv                      [32, 64, 3, 2]                \n","stderr":true},"type":"standard_output"}
{"payload":{"local_timestamp":1739889792808,"message_id":118,"output":"  2                -1  1     18816  models.common.C3                        [64, 64, 1]                   \n","stderr":true},"type":"standard_output"}
{"payload":{"local_timestamp":1739889792810,"message_id":119,"output":"  3                -1  1     73984  models.common.Conv                      [64, 128, 3, 2]               \n","stderr":true},"type":"standard_output"}
{"payload":{"local_timestamp":1739889792815,"message_id":120,"output":"  4                -1  2    115712  models.common.C3                        [128, 128, 2]                 \n","stderr":true},"type":"standard_output"}
{"payload":{"local_timestamp":1739889792816,"message_id":121,"output":"  5                -1  1    295424  models.common.Conv                      [128, 256, 3, 2]              \n","stderr":true},"type":"standard_output"}
{"payload":{"local_timestamp":1739889792819,"message_id":122,"output":"  6                -1  3    625152  models.common.C3                        [256, 256, 3]                 \n","stderr":true},"type":"standard_output"}
{"payload":{"local_timestamp":1739889792823,"message_id":123,"output":"  7                -1  1   1180672  models.common.Conv                      [256, 512, 3, 2]              \n","stderr":true},"type":"standard_output"}
{"payload":{"local_timestamp":1739889792828,"message_id":124,"output":"  8                -1  1   1182720  models.common.C3                        [512, 512, 1]                 \n","stderr":true},"type":"standard_output"}
{"payload":{"local_timestamp":1739889792830,"message_id":125,"output":"  9                -1  1    656896  models.common.SPPF                      [512, 512, 5]                 \n","stderr":true},"type":"standard_output"}
{"payload":{"local_timestamp":1739889792831,"message_id":126,"output":" 10                -1  1    131584  models.common.Conv                      [512, 256, 1, 1]              \n","stderr":true},"type":"standard_output"}
{"payload":{"local_timestamp":1739889792831,"message_id":127,"output":" 11                -1  1         0  torch.nn.modules.upsampling.Upsample    [None, 2, 'nearest']          \n","stderr":true},"type":"standard_output"}
{"payload":{"local_timestamp":1739889792831,"message_id":128,"output":" 12           [-1, 6]  1         0  models.common.Concat                    [1]                           \n","stderr":true},"type":"standard_output"}
{"payload":{"local_timestamp":1739889792835,"message_id":129,"output":" 13                -1  1    361984  models.common.C3                        [512, 256, 1, False]          \n","stderr":true},"type":"standard_output"}
{"payload":{"local_timestamp":1739889792836,"message_id":130,"output":" 14                -1  1     33024  models.common.Conv                      [256, 128, 1, 1]              \n","stderr":true},"type":"standard_output"}
{"payload":{"local_timestamp":1739889792836,"message_id":131,"output":" 15                -1  1         0  torch.nn.modules.upsampling.Upsample    [None, 2, 'nearest']          \n","stderr":true},"type":"standard_output"}
{"payload":{"local_timestamp":1739889792836,"message_id":132,"output":" 16           [-1, 4]  1         0  models.common.Concat                    [1]                           \n","stderr":true},"type":"standard_output"}
{"payload":{"local_timestamp":1739889792837,"message_id":133,"output":" 17                -1  1     90880  models.common.C3                        [256, 128, 1, False]          \n","stderr":true},"type":"standard_output"}
{"payload":{"local_timestamp":1739889792838,"message_id":134,"output":" 18                -1  1    147712  models.common.Conv                      [128, 128, 3, 2]              \n","stderr":true},"type":"standard_output"}
{"payload":{"local_timestamp":1739889792838,"message_id":135,"output":" 19          [-1, 14]  1         0  models.common.Concat                    [1]                           \n","stderr":true},"type":"standard_output"}
{"payload":{"local_timestamp":1739889792840,"message_id":136,"output":" 20                -1  1    296448  models.common.C3                        [256, 256, 1, False]          \n","stderr":true},"type":"standard_output"}
{"payload":{"local_timestamp":1739889792842,"message_id":137,"output":" 21                -1  1    590336  models.common.Conv                      [256, 256, 3, 2]              \n","stderr":true},"type":"standard_output"}
{"payload":{"local_timestamp":1739889792842,"message_id":138,"output":" 22          [-1, 10]  1         0  models.common.Concat                    [1]                           \n","stderr":true},"type":"standard_output"}
{"payload":{"local_timestamp":1739889792847,"message_id":139,"output":" 23                -1  1   1182720  models.common.C3                        [512, 512, 1, False]          \n","stderr":true},"type":"standard_output"}
{"payload":{"local_timestamp":1739889792848,"message_id":140,"output":" 24      [17, 20, 23]  1     18879  models.yolo.Detect                      [2, [[10, 13, 16, 30, 33, 23], [30, 61, 62, 45, 59, 119], [116, 90, 156, 198, 373, 326]], [128, 256, 512]]\n","stderr":true},"type":"standard_output"}
{"payload":{"local_timestamp":1739889792914,"message_id":141,"metric":{"epoch":null,"metricName":"sys.disk.root.used","metricValue":13201408000,"step":null}},"type":"metric_msg"}
{"payload":{"local_timestamp":1739889792914,"message_id":142,"metric":{"epoch":null,"metricName":"sys.disk.root.percent.used","metricValue":19.5,"step":null}},"type":"metric_msg"}
{"payload":{"git_metadata":{"branch":"refs/heads/master","origin":"https://github.com/ritmoali/yolov5.git","parent":"a4f87878338763649b17c6df578e0c3b79f4f44a","repo_name":"yolov5","root":"1e84a23f38fad9e52b59101e9f1246d93066ed1e","status":null,"user":"Rithwan Mohammed"},"message_id":143},"type":"git_metadata"}
{"payload":{"local_timestamp":1739889792936,"message_id":144,"output":"Model summary: 214 layers, 7025023 parameters, 7025023 gradients, 16.0 GFLOPs\n","stderr":true},"type":"standard_output"}
{"payload":{"local_timestamp":1739889792936,"message_id":145,"output":"\n","stderr":true},"type":"standard_output"}
{"payload":{"local_timestamp":1739889792947,"message_id":146,"output":"Transferred 343/349 items from yolov5s.pt\n","stderr":true},"type":"standard_output"}
{"payload":{"local_timestamp":1739889792947,"message_id":147,"output":"WARNING \u26a0\ufe0f --img-size 400 must be multiple of max stride 32, updating to 416\n","stderr":true},"type":"standard_output"}
{"payload":{"local_timestamp":1739889792948,"message_id":148,"output":"\u001b[34m\u001b[1moptimizer:\u001b[0m SGD(lr=0.00269) with parameter groups 57 weight(decay=0.0), 60 weight(decay=0.00014765624999999997), 60 bias\n","stderr":true},"type":"standard_output"}
{"payload":{"local_timestamp":1739889792981,"message_id":149,"output":"\r\u001b[34m\u001b[1mtrain: \u001b[0mScanning /Users/rithwanali/Documents/auto_blueprint/Auto-Blueprints/yolov5/datasets/labels/train.cache... 12 images, 23 backg\u001b[0m","stderr":true},"type":"standard_output"}
{"payload":{"local_timestamp":1739889792983,"message_id":150,"output":"\r\u001b[34m\u001b[1mtrain: \u001b[0mScanning /Users/rithwanali/Documents/auto_blueprint/Auto-Blueprints/yolov5/datasets/labels/train.cache... 12 images, 23 backg\u001b[0m","stderr":true},"type":"standard_output"}
{"payload":{"local_timestamp":1739889792983,"message_id":151,"output":"\n","stderr":true},"type":"standard_output"}
{"payload":{"local_timestamp":1739889793548,"message_id":152,"output":"\r  0%|          | 0/35 [00:00<?, ?it/s]","stderr":true},"type":"standard_output"}
{"payload":{"local_timestamp":1739889793652,"message_id":153,"output":"\r\u001b[34m\u001b[1mtrain: \u001b[0mCaching images (0.0GB ram):  63%|\u2588\u2588\u2588\u2588\u2588\u2588\u258e   | 22/35 [00:00<00:00, 214.60it/s]\u001b[0m","stderr":true},"type":"standard_output"}
{"payload":{"local_timestamp":1739889793685,"message_id":154,"output":"\r\u001b[34m\u001b[1mtrain: \u001b[0mCaching images (0.0GB ram): 100%|\u2588\u2588\u2588\u2588\u2588\u2588\u2588\u2588\u2588\u2588| 35/35 [00:00<00:00, 255.75it/s]\u001b[0m","stderr":true},"type":"standard_output"}
{"payload":{"local_timestamp":1739889793686,"message_id":155,"output":"\n","stderr":true},"type":"standard_output"}
{"payload":{"local_timestamp":1739889814691,"message_id":156,"output":"\r\u001b[34m\u001b[1mval: \u001b[0mScanning /Users/rithwanali/Documents/auto_blueprint/Auto-Blueprints/yolov5/datasets/labels/val.cache... 1 images, 9 backgrounds\u001b[0m","stderr":true},"type":"standard_output"}
{"payload":{"local_timestamp":1739889814694,"message_id":157,"output":"\r\u001b[34m\u001b[1mval: \u001b[0mScanning /Users/rithwanali/Documents/auto_blueprint/Auto-Blueprints/yolov5/datasets/labels/val.cache... 1 images, 9 backgrounds\u001b[0m","stderr":true},"type":"standard_output"}
{"payload":{"local_timestamp":1739889814694,"message_id":158,"output":"\n","stderr":true},"type":"standard_output"}
{"payload":{"local_timestamp":1739889814969,"message_id":159,"output":"\r  0%|          | 0/10 [00:00<?, ?it/s]","stderr":true},"type":"standard_output"}
{"payload":{"local_timestamp":1739889815075,"message_id":160,"output":"\r\u001b[34m\u001b[1mval: \u001b[0mCaching images (0.0GB ram): 100%|\u2588\u2588\u2588\u2588\u2588\u2588\u2588\u2588\u2588\u2588| 10/10 [00:00<00:00, 94.70it/s]\u001b[0m","stderr":true},"type":"standard_output"}
{"payload":{"local_timestamp":1739889815076,"message_id":161,"output":"\r\u001b[34m\u001b[1mval: \u001b[0mCaching images (0.0GB ram): 100%|\u2588\u2588\u2588\u2588\u2588\u2588\u2588\u2588\u2588\u2588| 10/10 [00:00<00:00, 94.35it/s]\u001b[0m","stderr":true},"type":"standard_output"}
{"payload":{"local_timestamp":1739889815076,"message_id":162,"output":"\n","stderr":true},"type":"standard_output"}
{"payload":{"local_timestamp":1739889823041,"message_id":163,"metric":{"epoch":null,"metricName":"sys.cpu.percent.avg","metricValue":47.625,"step":null}},"type":"metric_msg"}
{"payload":{"local_timestamp":1739889823042,"message_id":164,"metric":{"epoch":null,"metricName":"sys.ram.total","metricValue":8589934592,"step":null}},"type":"metric_msg"}
{"payload":{"local_timestamp":1739889823042,"message_id":165,"metric":{"epoch":null,"metricName":"sys.ram.used","metricValue":6909198336,"step":null}},"type":"metric_msg"}
{"payload":{"local_timestamp":1739889823042,"message_id":166,"metric":{"epoch":null,"metricName":"sys.ram.available","metricValue":1680736256,"step":null}},"type":"metric_msg"}
{"payload":{"local_timestamp":1739889823042,"message_id":167,"metric":{"epoch":null,"metricName":"sys.ram.percent.used","metricValue":80.4,"step":null}},"type":"metric_msg"}
{"payload":{"local_timestamp":1739889823042,"message_id":168,"metric":{"epoch":null,"metricName":"sys.load.avg","metricValue":4.96142578125,"step":null}},"type":"metric_msg"}
{"payload":{"local_timestamp":1739889823147,"message_id":169,"metric":{"epoch":null,"metricName":"sys.network.send_bps","metricValue":7897,"step":null}},"type":"metric_msg"}
{"payload":{"local_timestamp":1739889823147,"message_id":170,"metric":{"epoch":null,"metricName":"sys.network.receive_bps","metricValue":165552,"step":null}},"type":"metric_msg"}
{"payload":{"local_timestamp":1739889823254,"message_id":171,"metric":{"epoch":null,"metricName":"sys.disk.read_bps","metricValue":82721776.91538152,"step":null}},"type":"metric_msg"}
{"payload":{"local_timestamp":1739889823254,"message_id":172,"metric":{"epoch":null,"metricName":"sys.disk.write_bps","metricValue":8993915.846010154,"step":null}},"type":"metric_msg"}
{"payload":{"local_timestamp":1739889823254,"message_id":173,"metric":{"epoch":null,"metricName":"sys.disk.root.used","metricValue":10263912448,"step":null}},"type":"metric_msg"}
{"payload":{"local_timestamp":1739889823254,"message_id":174,"metric":{"epoch":null,"metricName":"sys.disk.root.percent.used","metricValue":13.2,"step":null}},"type":"metric_msg"}
{"payload":{"local_timestamp":1739889834416,"message_id":175,"output":"Traceback (most recent call last):\n","stderr":true},"type":"standard_output"}
{"payload":{"local_timestamp":1739889834416,"message_id":176,"output":"  File \"/Users/rithwanali/Documents/auto_blueprint/Auto-Blueprints/yolov5/train.py\", line 986, in <module>\n","stderr":true},"type":"standard_output"}
{"payload":{"local_timestamp":1739889834426,"message_id":177,"output":"    ","stderr":true},"type":"standard_output"}
{"payload":{"local_timestamp":1739889834426,"message_id":178,"output":"main(opt)","stderr":true},"type":"standard_output"}
{"payload":{"local_timestamp":1739889834426,"message_id":179,"output":"\n","stderr":true},"type":"standard_output"}
{"payload":{"local_timestamp":1739889834426,"message_id":180,"output":"  File \"/Users/rithwanali/Documents/auto_blueprint/Auto-Blueprints/yolov5/train.py\", line 688, in main\n","stderr":true},"type":"standard_output"}
{"payload":{"local_timestamp":1739889834427,"message_id":181,"output":"    ","stderr":true},"type":"standard_output"}
{"payload":{"local_timestamp":1739889834427,"message_id":182,"output":"train(opt.hyp, opt, device, callbacks)","stderr":true},"type":"standard_output"}
{"payload":{"local_timestamp":1739889834427,"message_id":183,"output":"\n","stderr":true},"type":"standard_output"}
{"payload":{"local_timestamp":1739889834427,"message_id":184,"output":"  File \"/Users/rithwanali/Documents/auto_blueprint/Auto-Blueprints/yolov5/train.py\", line 326, in train\n","stderr":true},"type":"standard_output"}
{"payload":{"local_timestamp":1739889834433,"message_id":185,"output":"    ","stderr":true},"type":"standard_output"}
{"payload":{"local_timestamp":1739889834433,"message_id":186,"output":"check_anchors(dataset, model=model, thr=hyp[\"anchor_t\"], imgsz=imgsz)  # run AutoAnchor","stderr":true},"type":"standard_output"}
{"payload":{"local_timestamp":1739889834433,"message_id":187,"output":"\n","stderr":true},"type":"standard_output"}
{"payload":{"local_timestamp":1739889834433,"message_id":188,"output":" ","stderr":true},"type":"standard_output"}
{"payload":{"local_timestamp":1739889834433,"message_id":189,"output":" ","stderr":true},"type":"standard_output"}
{"payload":{"local_timestamp":1739889834434,"message_id":190,"output":" ","stderr":true},"type":"standard_output"}
{"payload":{"local_timestamp":1739889834434,"message_id":191,"output":" ","stderr":true},"type":"standard_output"}
{"payload":{"local_timestamp":1739889834434,"message_id":192,"output":" ","stderr":true},"type":"standard_output"}
{"payload":{"local_timestamp":1739889834434,"message_id":193,"output":" ","stderr":true},"type":"standard_output"}
{"payload":{"local_timestamp":1739889834434,"message_id":194,"output":" ","stderr":true},"type":"standard_output"}
{"payload":{"local_timestamp":1739889834434,"message_id":195,"output":" ","stderr":true},"type":"standard_output"}
{"payload":{"local_timestamp":1739889834434,"message_id":196,"output":" ","stderr":true},"type":"standard_output"}
{"payload":{"local_timestamp":1739889834434,"message_id":197,"output":" ","stderr":true},"type":"standard_output"}
{"payload":{"local_timestamp":1739889834434,"message_id":198,"output":" ","stderr":true},"type":"standard_output"}
{"payload":{"local_timestamp":1739889834434,"message_id":199,"output":" ","stderr":true},"type":"standard_output"}
{"payload":{"local_timestamp":1739889834434,"message_id":200,"output":" ","stderr":true},"type":"standard_output"}
{"payload":{"local_timestamp":1739889834434,"message_id":201,"output":" ","stderr":true},"type":"standard_output"}
{"payload":{"local_timestamp":1739889834434,"message_id":202,"output":" ","stderr":true},"type":"standard_output"}
{"payload":{"local_timestamp":1739889834434,"message_id":203,"output":" ","stderr":true},"type":"standard_output"}
{"payload":{"local_timestamp":1739889834434,"message_id":204,"output":" ","stderr":true},"type":"standard_output"}
{"payload":{"local_timestamp":1739889834434,"message_id":205,"output":" ","stderr":true},"type":"standard_output"}
{"payload":{"local_timestamp":1739889834434,"message_id":206,"output":" ","stderr":true},"type":"standard_output"}
{"payload":{"local_timestamp":1739889834435,"message_id":207,"output":" ","stderr":true},"type":"standard_output"}
{"payload":{"local_timestamp":1739889834435,"message_id":208,"output":" ","stderr":true},"type":"standard_output"}
{"payload":{"local_timestamp":1739889834435,"message_id":209,"output":" ","stderr":true},"type":"standard_output"}
{"payload":{"local_timestamp":1739889834435,"message_id":210,"output":" ","stderr":true},"type":"standard_output"}
{"payload":{"local_timestamp":1739889834435,"message_id":211,"output":" ","stderr":true},"type":"standard_output"}
{"payload":{"local_timestamp":1739889834435,"message_id":212,"output":" ","stderr":true},"type":"standard_output"}
{"payload":{"local_timestamp":1739889834435,"message_id":213,"output":" ","stderr":true},"type":"standard_output"}
{"payload":{"local_timestamp":1739889834435,"message_id":214,"output":" ","stderr":true},"type":"standard_output"}
{"payload":{"local_timestamp":1739889834435,"message_id":215,"output":" ","stderr":true},"type":"standard_output"}
{"payload":{"local_timestamp":1739889834435,"message_id":216,"output":" ","stderr":true},"type":"standard_output"}
{"payload":{"local_timestamp":1739889834435,"message_id":217,"output":" ","stderr":true},"type":"standard_output"}
{"payload":{"local_timestamp":1739889834435,"message_id":218,"output":" ","stderr":true},"type":"standard_output"}
{"payload":{"local_timestamp":1739889834435,"message_id":219,"output":" ","stderr":true},"type":"standard_output"}
{"payload":{"local_timestamp":1739889834435,"message_id":220,"output":" ","stderr":true},"type":"standard_output"}
{"payload":{"local_timestamp":1739889834435,"message_id":221,"output":" ","stderr":true},"type":"standard_output"}
{"payload":{"local_timestamp":1739889834435,"message_id":222,"output":" ","stderr":true},"type":"standard_output"}
{"payload":{"local_timestamp":1739889834435,"message_id":223,"output":" ","stderr":true},"type":"standard_output"}
{"payload":{"local_timestamp":1739889834435,"message_id":224,"output":" ","stderr":true},"type":"standard_output"}
{"payload":{"local_timestamp":1739889834435,"message_id":225,"output":" ","stderr":true},"type":"standard_output"}
{"payload":{"local_timestamp":1739889834435,"message_id":226,"output":" ","stderr":true},"type":"standard_output"}
{"payload":{"local_timestamp":1739889834435,"message_id":227,"output":" ","stderr":true},"type":"standard_output"}
{"payload":{"local_timestamp":1739889834435,"message_id":228,"output":" ","stderr":true},"type":"standard_output"}
{"payload":{"local_timestamp":1739889834435,"message_id":229,"output":" ","stderr":true},"type":"standard_output"}
{"payload":{"local_timestamp":1739889834435,"message_id":230,"output":" ","stderr":true},"type":"standard_output"}
{"payload":{"local_timestamp":1739889834435,"message_id":231,"output":" ","stderr":true},"type":"standard_output"}
{"payload":{"local_timestamp":1739889834436,"message_id":232,"output":"~","stderr":true},"type":"standard_output"}
{"payload":{"local_timestamp":1739889834436,"message_id":233,"output":"~","stderr":true},"type":"standard_output"}
{"payload":{"local_timestamp":1739889834436,"message_id":234,"output":"~","stderr":true},"type":"standard_output"}
{"payload":{"local_timestamp":1739889834436,"message_id":235,"output":"^","stderr":true},"type":"standard_output"}
{"payload":{"local_timestamp":1739889834436,"message_id":236,"output":"^","stderr":true},"type":"standard_output"}
{"payload":{"local_timestamp":1739889834436,"message_id":237,"output":"^","stderr":true},"type":"standard_output"}
{"payload":{"local_timestamp":1739889834436,"message_id":238,"output":"^","stderr":true},"type":"standard_output"}
{"payload":{"local_timestamp":1739889834436,"message_id":239,"output":"^","stderr":true},"type":"standard_output"}
{"payload":{"local_timestamp":1739889834436,"message_id":240,"output":"^","stderr":true},"type":"standard_output"}
{"payload":{"local_timestamp":1739889834436,"message_id":241,"output":"^","stderr":true},"type":"standard_output"}
{"payload":{"local_timestamp":1739889834436,"message_id":242,"output":"^","stderr":true},"type":"standard_output"}
{"payload":{"local_timestamp":1739889834436,"message_id":243,"output":"^","stderr":true},"type":"standard_output"}
{"payload":{"local_timestamp":1739889834436,"message_id":244,"output":"^","stderr":true},"type":"standard_output"}
{"payload":{"local_timestamp":1739889834436,"message_id":245,"output":"^","stderr":true},"type":"standard_output"}
{"payload":{"local_timestamp":1739889834436,"message_id":246,"output":"^","stderr":true},"type":"standard_output"}
{"payload":{"local_timestamp":1739889834436,"message_id":247,"output":"\n","stderr":true},"type":"standard_output"}
{"payload":{"local_timestamp":1739889834436,"message_id":248,"output":"KeyError","stderr":true},"type":"standard_output"}
{"payload":{"local_timestamp":1739889834436,"message_id":249,"output":": ","stderr":true},"type":"standard_output"}
{"payload":{"local_timestamp":1739889834436,"message_id":250,"output":"'anchor_t'","stderr":true},"type":"standard_output"}
{"payload":{"local_timestamp":1739889834436,"message_id":251,"output":"\n","stderr":true},"type":"standard_output"}
{"payload":{"local_timestamp":1739889834442,"message_id":252,"output":"\u001b[1;38;5;39mCOMET INFO:\u001b[0m ---------------------------------------------------------------------------------------\n","stderr":true},"type":"standard_output"}
{"payload":{"local_timestamp":1739889834443,"message_id":253,"output":"\u001b[1;38;5;39mCOMET INFO:\u001b[0m Comet.ml OfflineExperiment Summary\n","stderr":true},"type":"standard_output"}
{"payload":{"local_timestamp":1739889834443,"message_id":254,"output":"\u001b[1;38;5;39mCOMET INFO:\u001b[0m ---------------------------------------------------------------------------------------\n","stderr":true},"type":"standard_output"}
{"payload":{"local_timestamp":1739889834444,"message_id":255,"output":"\u001b[1;38;5;39mCOMET INFO:\u001b[0m   Data:\n","stderr":true},"type":"standard_output"}
{"payload":{"local_timestamp":1739889834444,"message_id":256,"output":"\u001b[1;38;5;39mCOMET INFO:\u001b[0m     display_summary_level : 1\n","stderr":true},"type":"standard_output"}
{"payload":{"local_timestamp":1739889834444,"message_id":257,"output":"\u001b[1;38;5;39mCOMET INFO:\u001b[0m     name                  : exp\n","stderr":true},"type":"standard_output"}
{"payload":{"local_timestamp":1739889834444,"message_id":258,"output":"\u001b[1;38;5;39mCOMET INFO:\u001b[0m     url                   : [OfflineExperiment will get URL after upload]\n","stderr":true},"type":"standard_output"}
{"payload":{"local_timestamp":1739889834444,"message_id":259,"output":"\u001b[1;38;5;39mCOMET INFO:\u001b[0m   Others:\n","stderr":true},"type":"standard_output"}
{"payload":{"local_timestamp":1739889834444,"message_id":260,"output":"\u001b[1;38;5;39mCOMET INFO:\u001b[0m     Created from                : YOLOv5\n","stderr":true},"type":"standard_output"}
{"payload":{"local_timestamp":1739889834445,"message_id":261,"output":"\u001b[1;38;5;39mCOMET INFO:\u001b[0m     Name                        : exp\n","stderr":true},"type":"standard_output"}
{"payload":{"local_timestamp":1739889834445,"message_id":262,"output":"\u001b[1;38;5;39mCOMET INFO:\u001b[0m     comet_log_batch_metrics     : False\n","stderr":true},"type":"standard_output"}
{"payload":{"local_timestamp":1739889834445,"message_id":263,"output":"\u001b[1;38;5;39mCOMET INFO:\u001b[0m     comet_log_confusion_matrix  : True\n","stderr":true},"type":"standard_output"}
{"payload":{"local_timestamp":1739889834445,"message_id":264,"output":"\u001b[1;38;5;39mCOMET INFO:\u001b[0m     comet_log_per_class_metrics : False\n","stderr":true},"type":"standard_output"}
{"payload":{"local_timestamp":1739889834445,"message_id":265,"output":"\u001b[1;38;5;39mCOMET INFO:\u001b[0m     comet_max_image_uploads     : 100\n","stderr":true},"type":"standard_output"}
{"payload":{"local_timestamp":1739889834445,"message_id":266,"output":"\u001b[1;38;5;39mCOMET INFO:\u001b[0m     comet_mode                  : online\n","stderr":true},"type":"standard_output"}
{"payload":{"local_timestamp":1739889834445,"message_id":267,"output":"\u001b[1;38;5;39mCOMET INFO:\u001b[0m     comet_model_name            : yolov5\n","stderr":true},"type":"standard_output"}
{"payload":{"local_timestamp":1739889834445,"message_id":268,"output":"\u001b[1;38;5;39mCOMET INFO:\u001b[0m     hasNestedParams             : True\n","stderr":true},"type":"standard_output"}
{"payload":{"local_timestamp":1739889834445,"message_id":269,"output":"\u001b[1;38;5;39mCOMET INFO:\u001b[0m     offline_experiment          : True\n","stderr":true},"type":"standard_output"}
{"payload":{"local_timestamp":1739889834445,"message_id":270,"output":"\u001b[1;38;5;39mCOMET INFO:\u001b[0m   Parameters:\n","stderr":true},"type":"standard_output"}
{"payload":{"local_timestamp":1739889834445,"message_id":271,"output":"\u001b[1;38;5;39mCOMET INFO:\u001b[0m     artifact_alias      : latest\n","stderr":true},"type":"standard_output"}
{"payload":{"local_timestamp":1739889834446,"message_id":272,"output":"\u001b[1;38;5;39mCOMET INFO:\u001b[0m     batch_size          : 21\n","stderr":true},"type":"standard_output"}
{"payload":{"local_timestamp":1739889834446,"message_id":273,"output":"\u001b[1;38;5;39mCOMET INFO:\u001b[0m     bbox_interval       : -1\n","stderr":true},"type":"standard_output"}
{"payload":{"local_timestamp":1739889834446,"message_id":274,"output":"\u001b[1;38;5;39mCOMET INFO:\u001b[0m     box                 : 18.27875\n","stderr":true},"type":"standard_output"}
{"payload":{"local_timestamp":1739889834459,"message_id":275,"output":"\u001b[1;38;5;39mCOMET INFO:\u001b[0m     bucket              : \n","stderr":true},"type":"standard_output"}
{"payload":{"local_timestamp":1739889834459,"message_id":276,"output":"\u001b[1;38;5;39mCOMET INFO:\u001b[0m     cfg                 : \n","stderr":true},"type":"standard_output"}
{"payload":{"local_timestamp":1739889834459,"message_id":277,"output":"\u001b[1;38;5;39mCOMET INFO:\u001b[0m     cls                 : 1.32899\n","stderr":true},"type":"standard_output"}
{"payload":{"local_timestamp":1739889834459,"message_id":278,"output":"\u001b[1;38;5;39mCOMET INFO:\u001b[0m     copy_paste          : 0.0\n","stderr":true},"type":"standard_output"}
{"payload":{"local_timestamp":1739889834459,"message_id":279,"output":"\u001b[1;38;5;39mCOMET INFO:\u001b[0m     cos_lr              : False\n","stderr":true},"type":"standard_output"}
{"payload":{"local_timestamp":1739889834459,"message_id":280,"output":"\u001b[1;38;5;39mCOMET INFO:\u001b[0m     degrees             : 0.0\n","stderr":true},"type":"standard_output"}
{"payload":{"local_timestamp":1739889834459,"message_id":281,"output":"\u001b[1;38;5;39mCOMET INFO:\u001b[0m     device              : \n","stderr":true},"type":"standard_output"}
{"payload":{"local_timestamp":1739889834459,"message_id":282,"output":"\u001b[1;38;5;39mCOMET INFO:\u001b[0m     dfl                 : 0.56016\n","stderr":true},"type":"standard_output"}
{"payload":{"local_timestamp":1739889834459,"message_id":283,"output":"\u001b[1;38;5;39mCOMET INFO:\u001b[0m     entity              : None\n","stderr":true},"type":"standard_output"}
{"payload":{"local_timestamp":1739889834459,"message_id":284,"output":"\u001b[1;38;5;39mCOMET INFO:\u001b[0m     evolve              : None\n","stderr":true},"type":"standard_output"}
{"payload":{"local_timestamp":1739889834459,"message_id":285,"output":"\u001b[1;38;5;39mCOMET INFO:\u001b[0m     evolve_population   : data/hyps\n","stderr":true},"type":"standard_output"}
{"payload":{"local_timestamp":1739889834459,"message_id":286,"output":"\u001b[1;38;5;39mCOMET INFO:\u001b[0m     exist_ok            : False\n","stderr":true},"type":"standard_output"}
{"payload":{"local_timestamp":1739889834459,"message_id":287,"output":"\u001b[1;38;5;39mCOMET INFO:\u001b[0m     fliplr              : 0.0\n","stderr":true},"type":"standard_output"}
{"payload":{"local_timestamp":1739889834459,"message_id":288,"output":"\u001b[1;38;5;39mCOMET INFO:\u001b[0m     flipud              : 0.0\n","stderr":true},"type":"standard_output"}
{"payload":{"local_timestamp":1739889834459,"message_id":289,"output":"\u001b[1;38;5;39mCOMET INFO:\u001b[0m     freeze              : [0]\n","stderr":true},"type":"standard_output"}
{"payload":{"local_timestamp":1739889834459,"message_id":290,"output":"\u001b[1;38;5;39mCOMET INFO:\u001b[0m     hsv_h               : 0\n","stderr":true},"type":"standard_output"}
{"payload":{"local_timestamp":1739889834459,"message_id":291,"output":"\u001b[1;38;5;39mCOMET INFO:\u001b[0m     hsv_s               : 0\n","stderr":true},"type":"standard_output"}
{"payload":{"local_timestamp":1739889834460,"message_id":292,"output":"\u001b[1;38;5;39mCOMET INFO:\u001b[0m     hsv_v               : 0\n","stderr":true},"type":"standard_output"}
{"payload":{"local_timestamp":1739889834460,"message_id":293,"output":"\u001b[1;38;5;39mCOMET INFO:\u001b[0m     hyp|box             : 18.27875\n","stderr":true},"type":"standard_output"}
{"payload":{"local_timestamp":1739889834460,"message_id":294,"output":"\u001b[1;38;5;39mCOMET INFO:\u001b[0m     hyp|cls             : 1.32899\n","stderr":true},"type":"standard_output"}
{"payload":{"local_timestamp":1739889834461,"message_id":295,"output":"\u001b[1;38;5;39mCOMET INFO:\u001b[0m     hyp|copy_paste      : 0.0\n","stderr":true},"type":"standard_output"}
{"payload":{"local_timestamp":1739889834461,"message_id":296,"output":"\u001b[1;38;5;39mCOMET INFO:\u001b[0m     hyp|degrees         : 0.0\n","stderr":true},"type":"standard_output"}
{"payload":{"local_timestamp":1739889834461,"message_id":297,"output":"\u001b[1;38;5;39mCOMET INFO:\u001b[0m     hyp|dfl             : 0.56016\n","stderr":true},"type":"standard_output"}
{"payload":{"local_timestamp":1739889834461,"message_id":298,"output":"\u001b[1;38;5;39mCOMET INFO:\u001b[0m     hyp|fliplr          : 0.0\n","stderr":true},"type":"standard_output"}
{"payload":{"local_timestamp":1739889834461,"message_id":299,"output":"\u001b[1;38;5;39mCOMET INFO:\u001b[0m     hyp|flipud          : 0.0\n","stderr":true},"type":"standard_output"}
{"payload":{"local_timestamp":1739889834461,"message_id":300,"output":"\u001b[1;38;5;39mCOMET INFO:\u001b[0m     hyp|hsv_h           : 0\n","stderr":true},"type":"standard_output"}
{"payload":{"local_timestamp":1739889834461,"message_id":301,"output":"\u001b[1;38;5;39mCOMET INFO:\u001b[0m     hyp|hsv_s           : 0\n","stderr":true},"type":"standard_output"}
{"payload":{"local_timestamp":1739889834462,"message_id":302,"output":"\u001b[1;38;5;39mCOMET INFO:\u001b[0m     hyp|hsv_v           : 0\n","stderr":true},"type":"standard_output"}
{"payload":{"local_timestamp":1739889834462,"message_id":303,"output":"\u001b[1;38;5;39mCOMET INFO:\u001b[0m     hyp|lr0             : 0.00269\n","stderr":true},"type":"standard_output"}
{"payload":{"local_timestamp":1739889834462,"message_id":304,"output":"\u001b[1;38;5;39mCOMET INFO:\u001b[0m     hyp|lrf             : 0.00288\n","stderr":true},"type":"standard_output"}
{"payload":{"local_timestamp":1739889834462,"message_id":305,"output":"\u001b[1;38;5;39mCOMET INFO:\u001b[0m     hyp|mixup           : 0.0\n","stderr":true},"type":"standard_output"}
{"payload":{"local_timestamp":1739889834462,"message_id":306,"output":"\u001b[1;38;5;39mCOMET INFO:\u001b[0m     hyp|momentum        : 0.73375\n","stderr":true},"type":"standard_output"}
{"payload":{"local_timestamp":1739889834462,"message_id":307,"output":"\u001b[1;38;5;39mCOMET INFO:\u001b[0m     hyp|mosaic          : 0.0\n","stderr":true},"type":"standard_output"}
{"payload":{"local_timestamp":1739889834462,"message_id":308,"output":"\u001b[1;38;5;39mCOMET INFO:\u001b[0m     hyp|perspective     : 0.0\n","stderr":true},"type":"standard_output"}
{"payload":{"local_timestamp":1739889834462,"message_id":309,"output":"\u001b[1;38;5;39mCOMET INFO:\u001b[0m     hyp|scale           : 0\n","stderr":true},"type":"standard_output"}
{"payload":{"local_timestamp":1739889834462,"message_id":310,"output":"\u001b[1;38;5;39mCOMET INFO:\u001b[0m     hyp|shear           : 0\n","stderr":true},"type":"standard_output"}
{"payload":{"local_timestamp":1739889834462,"message_id":311,"output":"\u001b[1;38;5;39mCOMET INFO:\u001b[0m     hyp|translate       : 0\n","stderr":true},"type":"standard_output"}
{"payload":{"local_timestamp":1739889834462,"message_id":312,"output":"\u001b[1;38;5;39mCOMET INFO:\u001b[0m     hyp|warmup_epochs   : 1.22935\n","stderr":true},"type":"standard_output"}
{"payload":{"local_timestamp":1739889834462,"message_id":313,"output":"\u001b[1;38;5;39mCOMET INFO:\u001b[0m     hyp|warmup_momentum : 0.1525\n","stderr":true},"type":"standard_output"}
{"payload":{"local_timestamp":1739889834462,"message_id":314,"output":"\u001b[1;38;5;39mCOMET INFO:\u001b[0m     hyp|weight_decay    : 0.00015\n","stderr":true},"type":"standard_output"}
{"payload":{"local_timestamp":1739889834462,"message_id":315,"output":"\u001b[1;38;5;39mCOMET INFO:\u001b[0m     image_weights       : False\n","stderr":true},"type":"standard_output"}
{"payload":{"local_timestamp":1739889834462,"message_id":316,"output":"\u001b[1;38;5;39mCOMET INFO:\u001b[0m     imgsz               : 400\n","stderr":true},"type":"standard_output"}
{"payload":{"local_timestamp":1739889834462,"message_id":317,"output":"\u001b[1;38;5;39mCOMET INFO:\u001b[0m     label_smoothing     : 0.0\n","stderr":true},"type":"standard_output"}
{"payload":{"local_timestamp":1739889834462,"message_id":318,"output":"\u001b[1;38;5;39mCOMET INFO:\u001b[0m     local_rank          : -1\n","stderr":true},"type":"standard_output"}
{"payload":{"local_timestamp":1739889834462,"message_id":319,"output":"\u001b[1;38;5;39mCOMET INFO:\u001b[0m     lr0                 : 0.00269\n","stderr":true},"type":"standard_output"}
{"payload":{"local_timestamp":1739889834465,"message_id":320,"output":"\u001b[1;38;5;39mCOMET INFO:\u001b[0m     lrf                 : 0.00288\n","stderr":true},"type":"standard_output"}
{"payload":{"local_timestamp":1739889834465,"message_id":321,"output":"\u001b[1;38;5;39mCOMET INFO:\u001b[0m     mixup               : 0.0\n","stderr":true},"type":"standard_output"}
{"payload":{"local_timestamp":1739889834465,"message_id":322,"output":"\u001b[1;38;5;39mCOMET INFO:\u001b[0m     momentum            : 0.73375\n","stderr":true},"type":"standard_output"}
{"payload":{"local_timestamp":1739889834466,"message_id":323,"output":"\u001b[1;38;5;39mCOMET INFO:\u001b[0m     mosaic              : 0.0\n","stderr":true},"type":"standard_output"}
{"payload":{"local_timestamp":1739889834466,"message_id":324,"output":"\u001b[1;38;5;39mCOMET INFO:\u001b[0m     multi_scale         : False\n","stderr":true},"type":"standard_output"}
{"payload":{"local_timestamp":1739889834466,"message_id":325,"output":"\u001b[1;38;5;39mCOMET INFO:\u001b[0m     name                : exp\n","stderr":true},"type":"standard_output"}
{"payload":{"local_timestamp":1739889834466,"message_id":326,"output":"\u001b[1;38;5;39mCOMET INFO:\u001b[0m     ndjson_console      : False\n","stderr":true},"type":"standard_output"}
{"payload":{"local_timestamp":1739889834466,"message_id":327,"output":"\u001b[1;38;5;39mCOMET INFO:\u001b[0m     ndjson_file         : False\n","stderr":true},"type":"standard_output"}
{"payload":{"local_timestamp":1739889834466,"message_id":328,"output":"\u001b[1;38;5;39mCOMET INFO:\u001b[0m     noautoanchor        : False\n","stderr":true},"type":"standard_output"}
{"payload":{"local_timestamp":1739889834466,"message_id":329,"output":"\u001b[1;38;5;39mCOMET INFO:\u001b[0m     noplots             : False\n","stderr":true},"type":"standard_output"}
{"payload":{"local_timestamp":1739889834466,"message_id":330,"output":"\u001b[1;38;5;39mCOMET INFO:\u001b[0m     nosave              : False\n","stderr":true},"type":"standard_output"}
{"payload":{"local_timestamp":1739889834466,"message_id":331,"output":"\u001b[1;38;5;39mCOMET INFO:\u001b[0m     noval               : False\n","stderr":true},"type":"standard_output"}
{"payload":{"local_timestamp":1739889834466,"message_id":332,"output":"\u001b[1;38;5;39mCOMET INFO:\u001b[0m     optimizer           : SGD\n","stderr":true},"type":"standard_output"}
{"payload":{"local_timestamp":1739889834467,"message_id":333,"output":"\u001b[1;38;5;39mCOMET INFO:\u001b[0m     patience            : 100\n","stderr":true},"type":"standard_output"}
{"payload":{"local_timestamp":1739889834467,"message_id":334,"output":"\u001b[1;38;5;39mCOMET INFO:\u001b[0m     perspective         : 0.0\n","stderr":true},"type":"standard_output"}
{"payload":{"local_timestamp":1739889834467,"message_id":335,"output":"\u001b[1;38;5;39mCOMET INFO:\u001b[0m     project             : runs/train\n","stderr":true},"type":"standard_output"}
{"payload":{"local_timestamp":1739889834467,"message_id":336,"output":"\u001b[1;38;5;39mCOMET INFO:\u001b[0m     quad                : False\n","stderr":true},"type":"standard_output"}
{"payload":{"local_timestamp":1739889834467,"message_id":337,"output":"\u001b[1;38;5;39mCOMET INFO:\u001b[0m     rect                : False\n","stderr":true},"type":"standard_output"}
{"payload":{"local_timestamp":1739889834469,"message_id":338,"output":"\u001b[1;38;5;39mCOMET INFO:\u001b[0m     resume              : False\n","stderr":true},"type":"standard_output"}
{"payload":{"local_timestamp":1739889834469,"message_id":339,"output":"\u001b[1;38;5;39mCOMET INFO:\u001b[0m     resume_evolve       : None\n","stderr":true},"type":"standard_output"}
{"payload":{"local_timestamp":1739889834469,"message_id":340,"output":"\u001b[1;38;5;39mCOMET INFO:\u001b[0m     save_dir            : runs/train/exp2\n","stderr":true},"type":"standard_output"}
{"payload":{"local_timestamp":1739889834469,"message_id":341,"output":"\u001b[1;38;5;39mCOMET INFO:\u001b[0m     save_period         : -1\n","stderr":true},"type":"standard_output"}
{"payload":{"local_timestamp":1739889834469,"message_id":342,"output":"\u001b[1;38;5;39mCOMET INFO:\u001b[0m     scale               : 0\n","stderr":true},"type":"standard_output"}
{"payload":{"local_timestamp":1739889834470,"message_id":343,"output":"\u001b[1;38;5;39mCOMET INFO:\u001b[0m     seed                : 0\n","stderr":true},"type":"standard_output"}
{"payload":{"local_timestamp":1739889834470,"message_id":344,"output":"\u001b[1;38;5;39mCOMET INFO:\u001b[0m     shear               : 0\n","stderr":true},"type":"standard_output"}
{"payload":{"local_timestamp":1739889834470,"message_id":345,"output":"\u001b[1;38;5;39mCOMET INFO:\u001b[0m     single_cls          : False\n","stderr":true},"type":"standard_output"}
{"payload":{"local_timestamp":1739889834470,"message_id":346,"output":"\u001b[1;38;5;39mCOMET INFO:\u001b[0m     sync_bn             : False\n","stderr":true},"type":"standard_output"}
{"payload":{"local_timestamp":1739889834470,"message_id":347,"output":"\u001b[1;38;5;39mCOMET INFO:\u001b[0m     translate           : 0\n","stderr":true},"type":"standard_output"}
{"payload":{"local_timestamp":1739889834474,"message_id":348,"output":"\u001b[1;38;5;39mCOMET INFO:\u001b[0m     upload_dataset      : False\n","stderr":true},"type":"standard_output"}
{"payload":{"local_timestamp":1739889834474,"message_id":349,"output":"\u001b[1;38;5;39mCOMET INFO:\u001b[0m     val_conf_threshold  : 0.001\n","stderr":true},"type":"standard_output"}
{"payload":{"local_timestamp":1739889834474,"message_id":350,"output":"\u001b[1;38;5;39mCOMET INFO:\u001b[0m     val_iou_threshold   : 0.6\n","stderr":true},"type":"standard_output"}
{"payload":{"local_timestamp":1739889834474,"message_id":351,"output":"\u001b[1;38;5;39mCOMET INFO:\u001b[0m     warmup_epochs       : 1.22935\n","stderr":true},"type":"standard_output"}
{"payload":{"local_timestamp":1739889834474,"message_id":352,"output":"\u001b[1;38;5;39mCOMET INFO:\u001b[0m     warmup_momentum     : 0.1525\n","stderr":true},"type":"standard_output"}
{"payload":{"local_timestamp":1739889834474,"message_id":353,"output":"\u001b[1;38;5;39mCOMET INFO:\u001b[0m     weight_decay        : 0.00015\n","stderr":true},"type":"standard_output"}
{"payload":{"local_timestamp":1739889834476,"message_id":354,"output":"\u001b[1;38;5;39mCOMET INFO:\u001b[0m     workers             : 8\n","stderr":true},"type":"standard_output"}
{"payload":{"local_timestamp":1739889834477,"message_id":355,"output":"\u001b[1;38;5;39mCOMET INFO:\u001b[0m   Uploads:\n","stderr":true},"type":"standard_output"}
{"payload":{"local_timestamp":1739889834477,"message_id":356,"output":"\u001b[1;38;5;39mCOMET INFO:\u001b[0m     asset               : 3 (1.08 KB)\n","stderr":true},"type":"standard_output"}
{"payload":{"local_timestamp":1739889834478,"message_id":357,"output":"\u001b[1;38;5;39mCOMET INFO:\u001b[0m     environment details : 1\n","stderr":true},"type":"standard_output"}
{"payload":{"local_timestamp":1739889834478,"message_id":358,"output":"\u001b[1;38;5;39mCOMET INFO:\u001b[0m     git metadata        : 1\n","stderr":true},"type":"standard_output"}
{"payload":{"local_timestamp":1739889834478,"message_id":359,"output":"\u001b[1;38;5;39mCOMET INFO:\u001b[0m     installed packages  : 1\n","stderr":true},"type":"standard_output"}
{"payload":{"local_timestamp":1739889834478,"message_id":360,"output":"\u001b[1;38;5;39mCOMET INFO:\u001b[0m \n","stderr":true},"type":"standard_output"}
