{"offline_id": "7dc38c7fffbc4684836a415388e9ee71", "project_name": "yolov5", "start_time": 1739797174611, "stop_time": 1739797211915, "tags": [], "workspace": null, "resume_strategy": "create", "customer_error_reported": true, "customer_error_message": "Unexpected error detected in the user script: Exception('\\x1b[34m\\x1b[1mval: \\x1b[0mError loading data from /Users/rithwanali/Documents/auto_blueprint/Auto-Blueprints/yolov5/datasets/images/val: \\x1b[34m\\x1b[1mval: \\x1b[0mNo images found\\nSee https://docs.ultralytics.com/yolov5/tutorials/train_custom_data')", "user_provided_experiment_key": false, "comet_start_sourced": false}