{"payload":{"installed_packages":["appnope==0.1.4","asttokens==3.0.0","attrs==25.1.0","autocommand==2.2.2","backports.tarfile==1.2.0","certifi==2025.1.31","charset-normalizer==3.4.1","comet_ml==3.49.0","comm==0.2.2","configobj==5.0.9","contourpy==1.3.1","cycler==0.12.1","debugpy==1.8.12","decorator==5.1.1","dulwich==0.22.7","everett==3.1.0","executing==2.2.0","filelock==3.17.0","fonttools==4.56.0","fsspec==2025.2.0","gitdb==4.0.12","gitpython==3.1.44","idna==3.10","importlib_metadata==8.0.0","inflect==7.3.1","ipykernel==6.29.5","ipython==8.32.0","jaraco.collections==5.1.0","jaraco.context==5.3.0","jaraco.functools==4.0.1","jaraco.text==3.12.1","jedi==0.19.2","jinja2==3.1.5","jsonschema==4.23.0","jsonschema-specifications==2024.10.1","jupyter_client==8.6.3","jupyter_core==5.7.2","kiwisolver==1.4.8","markdown-it-py==3.0.0","markupsafe==3.0.2","matplotlib==3.10.0","matplotlib-inline==0.1.7","mdurl==0.1.2","more-itertools==10.3.0","mpmath==1.3.0","nest-asyncio==1.6.0","networkx==3.4.2","numpy==2.1.1","opencv-python==4.11.0.86","packaging==24.2","packaging==24.2","pandas==2.2.3","parso==0.8.4","pexpect==4.9.0","pillow==11.1.0","pip==24.2","platformdirs==4.2.2","platformdirs==4.3.6","prompt_toolkit==3.0.50","psutil==6.1.1","ptyprocess==0.7.0","pure_eval==0.2.3","py-cpuinfo==9.0.0","pygments==2.19.1","pymupdf==1.25.3","pyparsing==3.2.1","python-box==6.1.0","python-dateutil==2.9.0.post0","pytz==2025.1","pyyaml==6.0.2","pyzmq==26.2.1","referencing==0.36.2","requests==2.32.3","requests-toolbelt==1.0.0","rich==13.9.4","rpds-py==0.22.3","scipy==1.15.2","seaborn==0.13.2","semantic-version==2.10.0","sentry-sdk==2.21.0","setuptools==75.8.0","simplejson==3.20.1","six==1.17.0","smmap==5.0.2","stack-data==0.6.3","sympy==1.13.1","thop==0.1.1-2209072238","tomli==2.0.1","torch==2.6.0","torchvision==0.21.0","tornado==6.4.2","tqdm==4.67.1","traitlets==5.14.3","typeguard==4.3.0","typing_extensions==4.12.2","typing_extensions==4.12.2","tzdata==2025.1","ultralytics==8.3.75","ultralytics-thop==2.0.14","urllib3==2.3.0","utils==1.0.2","wcwidth==0.2.13","wheel==0.43.0","wrapt==1.17.2","wurlitzer==3.1.1","zipp==3.19.2"],"message_id":1},"type":"installed_packages"}
{"payload":{"command":["train.py","--img","1024","--batch","16","--epochs","50","--data","blueprints.yaml","--weights","yolov5s.pt","--hyp","hyps/hyp.scratch-med.yaml","--cache"],"env":null,"hostname":"Rithwans-MacBook-Pro.local","ip":"10.243.27.84","machine":"arm64","message_id":2,"os":"macOS-14.6.1-arm64-arm-64bit","os_release":"23.6.0","os_type":"Darwin","pid":26979,"processor":"arm","python_exe":"/Users/rithwanali/Documents/auto_blueprint/Auto-Blueprints/venv/bin/python","python_version":"3.12.5","python_version_verbose":"3.12.5 (v3.12.5:ff3bc82f7c9, Aug  7 2024, 05:32:06) [Clang 13.0.0 (clang-1300.0.29.30)]","user":"rithwanali"},"type":"system_details"}
{"payload":{"local_timestamp":1739797177711,"message_id":3,"metric":{"epoch":null,"metricName":"sys.cpu.percent.avg","metricValue":0.0,"step":null}},"type":"metric_msg"}
{"payload":{"local_timestamp":1739797177712,"message_id":4,"metric":{"epoch":null,"metricName":"sys.ram.total","metricValue":8589934592,"step":null}},"type":"metric_msg"}
{"payload":{"local_timestamp":1739797177712,"message_id":5,"metric":{"epoch":null,"metricName":"sys.ram.used","metricValue":7321239552,"step":null}},"type":"metric_msg"}
{"payload":{"local_timestamp":1739797177712,"message_id":6,"metric":{"epoch":null,"metricName":"sys.ram.available","metricValue":1268695040,"step":null}},"type":"metric_msg"}
{"payload":{"local_timestamp":1739797177712,"message_id":7,"metric":{"epoch":null,"metricName":"sys.ram.percent.used","metricValue":85.2,"step":null}},"type":"metric_msg"}
{"payload":{"local_timestamp":1739797177712,"message_id":8,"metric":{"epoch":null,"metricName":"sys.load.avg","metricValue":11.21630859375,"step":null}},"type":"metric_msg"}
{"payload":{"local_timestamp":1739797177712,"message_id":9,"param":{"paramName":"img","paramValue":1024,"source":"cli","step":null}},"type":"parameter_msg"}
{"payload":{"local_timestamp":1739797177712,"message_id":10,"param":{"paramName":"batch","paramValue":16,"source":"cli","step":null}},"type":"parameter_msg"}
{"payload":{"local_timestamp":1739797177712,"message_id":11,"param":{"paramName":"epochs","paramValue":50,"source":"cli","step":null}},"type":"parameter_msg"}
{"payload":{"local_timestamp":1739797177712,"message_id":12,"param":{"paramName":"data","paramValue":"blueprints.yaml","source":"cli","step":null}},"type":"parameter_msg"}
{"payload":{"local_timestamp":1739797177712,"message_id":13,"param":{"paramName":"weights","paramValue":"yolov5s.pt","source":"cli","step":null}},"type":"parameter_msg"}
{"payload":{"local_timestamp":1739797177712,"message_id":14,"param":{"paramName":"hyp","paramValue":"hyps/hyp.scratch-med.yaml","source":"cli","step":null}},"type":"parameter_msg"}
{"payload":{"local_timestamp":1739797177712,"message_id":15,"param":{"paramName":"cache","paramValue":true,"source":"cli","step":null}},"type":"parameter_msg"}
{"payload":{"key":"offline_experiment","message_id":16,"value":true},"type":"log_other"}
{"payload":{"key":"Name","message_id":17,"value":"exp"},"type":"log_other"}
{"payload":{"additional_params":{"assetId":"796a9c9ab80c418ebe6db4eda655266a","context":null,"extension":"yaml","fileName":"blueprints.yaml","overwrite":false,"runId":null,"step":null},"clean":true,"file_path":"tmpfrdpch8q","local_timestamp":1739797177714,"message_id":18,"metadata":{"type":"data-config-file"},"upload_type":"asset"},"type":"file_upload"}
{"payload":{"local_timestamp":1739797177716,"message_id":19,"output":"Downloading https://github.com/ultralytics/assets/releases/download/v0.0.0/Arial.ttf to /Users/rithwanali/Library/Application Support/Ultralytics/Arial.ttf...\n","stderr":true},"type":"standard_output"}
{"payload":{"git_metadata":{"branch":"refs/heads/master","origin":"https://github.com/ritmoali/yolov5.git","parent":"5cdad8922c83b0ed49a0173cd1a8b0739acbb336","repo_name":"yolov5","root":"1e84a23f38fad9e52b59101e9f1246d93066ed1e","status":null,"user":"Rithwan Mohammed"},"message_id":20},"type":"git_metadata"}
{"payload":{"local_timestamp":1739797177919,"message_id":21,"metric":{"epoch":null,"metricName":"sys.disk.root.used","metricValue":13201408000,"step":null}},"type":"metric_msg"}
{"payload":{"local_timestamp":1739797177919,"message_id":22,"metric":{"epoch":null,"metricName":"sys.disk.root.percent.used","metricValue":22.8,"step":null}},"type":"metric_msg"}
{"payload":{"local_timestamp":1739797178642,"message_id":23,"output":"\r  0%|                                                                                  | 0.00/755k [00:00<?, ?B/s]","stderr":true},"type":"standard_output"}
{"payload":{"local_timestamp":1739797178763,"message_id":24,"output":"\r 85%|\u2588\u2588\u2588\u2588\u2588\u2588\u2588\u2588\u2588\u2588\u2588\u2588\u2588\u2588\u2588\u2588\u2588\u2588\u2588\u2588\u2588\u2588\u2588\u2588\u2588\u2588\u2588\u2588\u2588\u2588\u2588\u2588\u2588\u2588\u2588\u2588\u2588\u2588\u2588\u2588\u2588\u2588\u2588\u2588\u2588\u2588\u2588\u2588\u2588\u2588\u2588\u2588\u2588\u2588\u2588\u2588\u2588\u2588\u2588\u2588\u2588\u2588\u258b           | 640k/755k [00:00<00:00, 5.45MB/s]","stderr":true},"type":"standard_output"}
{"payload":{"local_timestamp":1739797178773,"message_id":25,"output":"\r100%|\u2588\u2588\u2588\u2588\u2588\u2588\u2588\u2588\u2588\u2588\u2588\u2588\u2588\u2588\u2588\u2588\u2588\u2588\u2588\u2588\u2588\u2588\u2588\u2588\u2588\u2588\u2588\u2588\u2588\u2588\u2588\u2588\u2588\u2588\u2588\u2588\u2588\u2588\u2588\u2588\u2588\u2588\u2588\u2588\u2588\u2588\u2588\u2588\u2588\u2588\u2588\u2588\u2588\u2588\u2588\u2588\u2588\u2588\u2588\u2588\u2588\u2588\u2588\u2588\u2588\u2588\u2588\u2588\u2588\u2588\u2588\u2588\u2588\u2588| 755k/755k [00:00<00:00, 5.89MB/s]","stderr":true},"type":"standard_output"}
{"payload":{"local_timestamp":1739797178773,"message_id":26,"output":"\n","stderr":true},"type":"standard_output"}
{"payload":{"key":"Created from","message_id":27,"value":"YOLOv5"},"type":"log_other"}
{"payload":{"key":"hasNestedParams","message_id":28,"value":true},"type":"log_other"}
{"payload":{"local_timestamp":1739797178774,"message_id":29,"param":{"paramName":"artifact_alias","paramValue":"latest","source":"manual","step":null}},"type":"parameter_msg"}
{"payload":{"local_timestamp":1739797178774,"message_id":30,"param":{"paramName":"batch_size","paramValue":16,"source":"manual","step":null}},"type":"parameter_msg"}
{"payload":{"local_timestamp":1739797178774,"message_id":31,"param":{"paramName":"bbox_interval","paramValue":-1,"source":"manual","step":null}},"type":"parameter_msg"}
{"payload":{"local_timestamp":1739797178775,"message_id":32,"param":{"paramName":"bucket","paramValue":"","source":"manual","step":null}},"type":"parameter_msg"}
{"payload":{"local_timestamp":1739797178775,"message_id":33,"param":{"paramName":"cache","paramValue":"ram","source":"manual","step":null}},"type":"parameter_msg"}
{"payload":{"local_timestamp":1739797178775,"message_id":34,"param":{"paramName":"cfg","paramValue":"","source":"manual","step":null}},"type":"parameter_msg"}
{"payload":{"local_timestamp":1739797178775,"message_id":35,"param":{"paramName":"cos_lr","paramValue":false,"source":"manual","step":null}},"type":"parameter_msg"}
{"payload":{"local_timestamp":1739797178775,"message_id":36,"param":{"paramName":"device","paramValue":"","source":"manual","step":null}},"type":"parameter_msg"}
{"payload":{"local_timestamp":1739797178775,"message_id":37,"param":{"paramName":"entity","paramValue":null,"source":"manual","step":null}},"type":"parameter_msg"}
{"payload":{"local_timestamp":1739797178775,"message_id":38,"param":{"paramName":"evolve","paramValue":null,"source":"manual","step":null}},"type":"parameter_msg"}
{"payload":{"local_timestamp":1739797178775,"message_id":39,"param":{"paramName":"evolve_population","paramValue":"data/hyps","source":"manual","step":null}},"type":"parameter_msg"}
{"payload":{"local_timestamp":1739797178775,"message_id":40,"param":{"paramName":"exist_ok","paramValue":false,"source":"manual","step":null}},"type":"parameter_msg"}
{"payload":{"local_timestamp":1739797178775,"message_id":41,"params":{"paramName":"freeze","paramValue":[0],"source":"manual","step":null}},"type":"parameter_msg"}
{"payload":{"local_timestamp":1739797178775,"message_id":42,"param":{"paramName":"hyp|anchor_t","paramValue":4.0,"source":"manual","step":null}},"type":"parameter_msg"}
{"payload":{"local_timestamp":1739797178775,"message_id":43,"param":{"paramName":"hyp|box","paramValue":0.05,"source":"manual","step":null}},"type":"parameter_msg"}
{"payload":{"local_timestamp":1739797178775,"message_id":44,"param":{"paramName":"hyp|cls","paramValue":0.3,"source":"manual","step":null}},"type":"parameter_msg"}
{"payload":{"local_timestamp":1739797178775,"message_id":45,"param":{"paramName":"hyp|cls_pw","paramValue":1.0,"source":"manual","step":null}},"type":"parameter_msg"}
{"payload":{"local_timestamp":1739797178775,"message_id":46,"param":{"paramName":"hyp|copy_paste","paramValue":0.0,"source":"manual","step":null}},"type":"parameter_msg"}
{"payload":{"local_timestamp":1739797178775,"message_id":47,"param":{"paramName":"hyp|degrees","paramValue":0.0,"source":"manual","step":null}},"type":"parameter_msg"}
{"payload":{"local_timestamp":1739797178775,"message_id":48,"param":{"paramName":"hyp|fl_gamma","paramValue":0.0,"source":"manual","step":null}},"type":"parameter_msg"}
{"payload":{"local_timestamp":1739797178775,"message_id":49,"param":{"paramName":"hyp|fliplr","paramValue":0.5,"source":"manual","step":null}},"type":"parameter_msg"}
{"payload":{"local_timestamp":1739797178775,"message_id":50,"param":{"paramName":"hyp|flipud","paramValue":0.0,"source":"manual","step":null}},"type":"parameter_msg"}
{"payload":{"local_timestamp":1739797178775,"message_id":51,"param":{"paramName":"hyp|hsv_h","paramValue":0.015,"source":"manual","step":null}},"type":"parameter_msg"}
{"payload":{"local_timestamp":1739797178775,"message_id":52,"param":{"paramName":"hyp|hsv_s","paramValue":0.7,"source":"manual","step":null}},"type":"parameter_msg"}
{"payload":{"local_timestamp":1739797178775,"message_id":53,"param":{"paramName":"hyp|hsv_v","paramValue":0.4,"source":"manual","step":null}},"type":"parameter_msg"}
{"payload":{"local_timestamp":1739797178775,"message_id":54,"param":{"paramName":"hyp|iou_t","paramValue":0.2,"source":"manual","step":null}},"type":"parameter_msg"}
{"payload":{"local_timestamp":1739797178775,"message_id":55,"param":{"paramName":"hyp|lr0","paramValue":0.01,"source":"manual","step":null}},"type":"parameter_msg"}
{"payload":{"local_timestamp":1739797178775,"message_id":56,"param":{"paramName":"hyp|lrf","paramValue":0.1,"source":"manual","step":null}},"type":"parameter_msg"}
{"payload":{"local_timestamp":1739797178775,"message_id":57,"param":{"paramName":"hyp|mixup","paramValue":0.1,"source":"manual","step":null}},"type":"parameter_msg"}
{"payload":{"local_timestamp":1739797178775,"message_id":58,"param":{"paramName":"hyp|momentum","paramValue":0.937,"source":"manual","step":null}},"type":"parameter_msg"}
{"payload":{"local_timestamp":1739797178775,"message_id":59,"param":{"paramName":"hyp|mosaic","paramValue":1.0,"source":"manual","step":null}},"type":"parameter_msg"}
{"payload":{"local_timestamp":1739797178775,"message_id":60,"param":{"paramName":"hyp|obj","paramValue":0.7,"source":"manual","step":null}},"type":"parameter_msg"}
{"payload":{"local_timestamp":1739797178775,"message_id":61,"param":{"paramName":"hyp|obj_pw","paramValue":1.0,"source":"manual","step":null}},"type":"parameter_msg"}
{"payload":{"local_timestamp":1739797178775,"message_id":62,"param":{"paramName":"hyp|perspective","paramValue":0.0,"source":"manual","step":null}},"type":"parameter_msg"}
{"payload":{"local_timestamp":1739797178775,"message_id":63,"param":{"paramName":"hyp|scale","paramValue":0.9,"source":"manual","step":null}},"type":"parameter_msg"}
{"payload":{"local_timestamp":1739797178775,"message_id":64,"param":{"paramName":"hyp|shear","paramValue":0.0,"source":"manual","step":null}},"type":"parameter_msg"}
{"payload":{"local_timestamp":1739797178775,"message_id":65,"param":{"paramName":"hyp|translate","paramValue":0.1,"source":"manual","step":null}},"type":"parameter_msg"}
{"payload":{"local_timestamp":1739797178775,"message_id":66,"param":{"paramName":"hyp|warmup_bias_lr","paramValue":0.1,"source":"manual","step":null}},"type":"parameter_msg"}
{"payload":{"local_timestamp":1739797178775,"message_id":67,"param":{"paramName":"hyp|warmup_epochs","paramValue":3.0,"source":"manual","step":null}},"type":"parameter_msg"}
{"payload":{"local_timestamp":1739797178775,"message_id":68,"param":{"paramName":"hyp|warmup_momentum","paramValue":0.8,"source":"manual","step":null}},"type":"parameter_msg"}
{"payload":{"local_timestamp":1739797178775,"message_id":69,"param":{"paramName":"hyp|weight_decay","paramValue":0.0005,"source":"manual","step":null}},"type":"parameter_msg"}
{"payload":{"local_timestamp":1739797178775,"message_id":70,"param":{"paramName":"image_weights","paramValue":false,"source":"manual","step":null}},"type":"parameter_msg"}
{"payload":{"local_timestamp":1739797178775,"message_id":71,"param":{"paramName":"imgsz","paramValue":1024,"source":"manual","step":null}},"type":"parameter_msg"}
{"payload":{"local_timestamp":1739797178775,"message_id":72,"param":{"paramName":"label_smoothing","paramValue":0.0,"source":"manual","step":null}},"type":"parameter_msg"}
{"payload":{"local_timestamp":1739797178775,"message_id":73,"param":{"paramName":"local_rank","paramValue":-1,"source":"manual","step":null}},"type":"parameter_msg"}
{"payload":{"local_timestamp":1739797178775,"message_id":74,"param":{"paramName":"multi_scale","paramValue":false,"source":"manual","step":null}},"type":"parameter_msg"}
{"payload":{"local_timestamp":1739797178775,"message_id":75,"param":{"paramName":"name","paramValue":"exp","source":"manual","step":null}},"type":"parameter_msg"}
{"payload":{"local_timestamp":1739797178775,"message_id":76,"param":{"paramName":"ndjson_console","paramValue":false,"source":"manual","step":null}},"type":"parameter_msg"}
{"payload":{"local_timestamp":1739797178775,"message_id":77,"param":{"paramName":"ndjson_file","paramValue":false,"source":"manual","step":null}},"type":"parameter_msg"}
{"payload":{"local_timestamp":1739797178775,"message_id":78,"param":{"paramName":"noautoanchor","paramValue":false,"source":"manual","step":null}},"type":"parameter_msg"}
{"payload":{"local_timestamp":1739797178776,"message_id":79,"param":{"paramName":"noplots","paramValue":false,"source":"manual","step":null}},"type":"parameter_msg"}
{"payload":{"local_timestamp":1739797178776,"message_id":80,"param":{"paramName":"nosave","paramValue":false,"source":"manual","step":null}},"type":"parameter_msg"}
{"payload":{"local_timestamp":1739797178776,"message_id":81,"param":{"paramName":"noval","paramValue":false,"source":"manual","step":null}},"type":"parameter_msg"}
{"payload":{"local_timestamp":1739797178776,"message_id":82,"param":{"paramName":"optimizer","paramValue":"SGD","source":"manual","step":null}},"type":"parameter_msg"}
{"payload":{"local_timestamp":1739797178776,"message_id":83,"param":{"paramName":"patience","paramValue":100,"source":"manual","step":null}},"type":"parameter_msg"}
{"payload":{"local_timestamp":1739797178776,"message_id":84,"param":{"paramName":"project","paramValue":"runs/train","source":"manual","step":null}},"type":"parameter_msg"}
{"payload":{"local_timestamp":1739797178776,"message_id":85,"param":{"paramName":"quad","paramValue":false,"source":"manual","step":null}},"type":"parameter_msg"}
{"payload":{"local_timestamp":1739797178776,"message_id":86,"param":{"paramName":"rect","paramValue":false,"source":"manual","step":null}},"type":"parameter_msg"}
{"payload":{"local_timestamp":1739797178776,"message_id":87,"param":{"paramName":"resume","paramValue":false,"source":"manual","step":null}},"type":"parameter_msg"}
{"payload":{"local_timestamp":1739797178776,"message_id":88,"param":{"paramName":"resume_evolve","paramValue":null,"source":"manual","step":null}},"type":"parameter_msg"}
{"payload":{"local_timestamp":1739797178776,"message_id":89,"param":{"paramName":"save_dir","paramValue":"runs/train/exp3","source":"manual","step":null}},"type":"parameter_msg"}
{"payload":{"local_timestamp":1739797178776,"message_id":90,"param":{"paramName":"save_period","paramValue":-1,"source":"manual","step":null}},"type":"parameter_msg"}
{"payload":{"local_timestamp":1739797178776,"message_id":91,"param":{"paramName":"seed","paramValue":0,"source":"manual","step":null}},"type":"parameter_msg"}
{"payload":{"local_timestamp":1739797178776,"message_id":92,"param":{"paramName":"single_cls","paramValue":false,"source":"manual","step":null}},"type":"parameter_msg"}
{"payload":{"local_timestamp":1739797178776,"message_id":93,"param":{"paramName":"sync_bn","paramValue":false,"source":"manual","step":null}},"type":"parameter_msg"}
{"payload":{"local_timestamp":1739797178776,"message_id":94,"param":{"paramName":"upload_dataset","paramValue":false,"source":"manual","step":null}},"type":"parameter_msg"}
{"payload":{"local_timestamp":1739797178776,"message_id":95,"param":{"paramName":"workers","paramValue":8,"source":"manual","step":null}},"type":"parameter_msg"}
{"payload":{"local_timestamp":1739797178776,"message_id":96,"param":{"paramName":"anchor_t","paramValue":4.0,"source":"manual","step":null}},"type":"parameter_msg"}
{"payload":{"local_timestamp":1739797178776,"message_id":97,"param":{"paramName":"box","paramValue":0.05,"source":"manual","step":null}},"type":"parameter_msg"}
{"payload":{"local_timestamp":1739797178776,"message_id":98,"param":{"paramName":"cls","paramValue":0.3,"source":"manual","step":null}},"type":"parameter_msg"}
{"payload":{"local_timestamp":1739797178776,"message_id":99,"param":{"paramName":"cls_pw","paramValue":1.0,"source":"manual","step":null}},"type":"parameter_msg"}
{"payload":{"local_timestamp":1739797178776,"message_id":100,"param":{"paramName":"copy_paste","paramValue":0.0,"source":"manual","step":null}},"type":"parameter_msg"}
{"payload":{"local_timestamp":1739797178776,"message_id":101,"param":{"paramName":"degrees","paramValue":0.0,"source":"manual","step":null}},"type":"parameter_msg"}
{"payload":{"local_timestamp":1739797178776,"message_id":102,"param":{"paramName":"fl_gamma","paramValue":0.0,"source":"manual","step":null}},"type":"parameter_msg"}
{"payload":{"local_timestamp":1739797178776,"message_id":103,"param":{"paramName":"fliplr","paramValue":0.5,"source":"manual","step":null}},"type":"parameter_msg"}
{"payload":{"local_timestamp":1739797178776,"message_id":104,"param":{"paramName":"flipud","paramValue":0.0,"source":"manual","step":null}},"type":"parameter_msg"}
{"payload":{"local_timestamp":1739797178776,"message_id":105,"param":{"paramName":"hsv_h","paramValue":0.015,"source":"manual","step":null}},"type":"parameter_msg"}
{"payload":{"local_timestamp":1739797178776,"message_id":106,"param":{"paramName":"hsv_s","paramValue":0.7,"source":"manual","step":null}},"type":"parameter_msg"}
{"payload":{"local_timestamp":1739797178776,"message_id":107,"param":{"paramName":"hsv_v","paramValue":0.4,"source":"manual","step":null}},"type":"parameter_msg"}
{"payload":{"local_timestamp":1739797178776,"message_id":108,"param":{"paramName":"iou_t","paramValue":0.2,"source":"manual","step":null}},"type":"parameter_msg"}
{"payload":{"local_timestamp":1739797178776,"message_id":109,"param":{"paramName":"lr0","paramValue":0.01,"source":"manual","step":null}},"type":"parameter_msg"}
{"payload":{"local_timestamp":1739797178776,"message_id":110,"param":{"paramName":"lrf","paramValue":0.1,"source":"manual","step":null}},"type":"parameter_msg"}
{"payload":{"local_timestamp":1739797178776,"message_id":111,"param":{"paramName":"mixup","paramValue":0.1,"source":"manual","step":null}},"type":"parameter_msg"}
{"payload":{"local_timestamp":1739797178776,"message_id":112,"param":{"paramName":"momentum","paramValue":0.937,"source":"manual","step":null}},"type":"parameter_msg"}
{"payload":{"local_timestamp":1739797178776,"message_id":113,"param":{"paramName":"mosaic","paramValue":1.0,"source":"manual","step":null}},"type":"parameter_msg"}
{"payload":{"local_timestamp":1739797178776,"message_id":114,"param":{"paramName":"obj","paramValue":0.7,"source":"manual","step":null}},"type":"parameter_msg"}
{"payload":{"local_timestamp":1739797178776,"message_id":115,"param":{"paramName":"obj_pw","paramValue":1.0,"source":"manual","step":null}},"type":"parameter_msg"}
{"payload":{"local_timestamp":1739797178776,"message_id":116,"param":{"paramName":"perspective","paramValue":0.0,"source":"manual","step":null}},"type":"parameter_msg"}
{"payload":{"local_timestamp":1739797178776,"message_id":117,"param":{"paramName":"scale","paramValue":0.9,"source":"manual","step":null}},"type":"parameter_msg"}
{"payload":{"local_timestamp":1739797178776,"message_id":118,"param":{"paramName":"shear","paramValue":0.0,"source":"manual","step":null}},"type":"parameter_msg"}
{"payload":{"local_timestamp":1739797178776,"message_id":119,"param":{"paramName":"translate","paramValue":0.1,"source":"manual","step":null}},"type":"parameter_msg"}
{"payload":{"local_timestamp":1739797178776,"message_id":120,"param":{"paramName":"warmup_bias_lr","paramValue":0.1,"source":"manual","step":null}},"type":"parameter_msg"}
{"payload":{"local_timestamp":1739797178776,"message_id":121,"param":{"paramName":"warmup_epochs","paramValue":3.0,"source":"manual","step":null}},"type":"parameter_msg"}
{"payload":{"local_timestamp":1739797178776,"message_id":122,"param":{"paramName":"warmup_momentum","paramValue":0.8,"source":"manual","step":null}},"type":"parameter_msg"}
{"payload":{"local_timestamp":1739797178776,"message_id":123,"param":{"paramName":"weight_decay","paramValue":0.0005,"source":"manual","step":null}},"type":"parameter_msg"}
{"payload":{"additional_params":{"assetId":"d7989dbe0a2544c5b96b75f6714f8623","context":null,"epoch":null,"extension":"json","fileName":"hyperparameters.json","overwrite":false,"runId":null,"step":null},"clean":true,"file_path":"tmpwzpc7zaq","local_timestamp":1739797178780,"message_id":124,"metadata":{"type":"hyp-config-file"},"upload_type":"asset"},"type":"file_upload"}
{"payload":{"additional_params":{"assetId":"d91973076ea446099cdda1ce52db9231","context":null,"extension":"yaml","fileName":"opt.yaml","overwrite":false,"runId":null,"step":null},"clean":true,"file_path":"tmp4a6hfvhr","local_timestamp":1739797178777,"message_id":125,"metadata":{"type":"opt-config-file"},"upload_type":"asset"},"type":"file_upload"}
{"payload":{"local_timestamp":1739797178777,"message_id":126,"param":{"paramName":"val_conf_threshold","paramValue":0.001,"source":"manual","step":null}},"type":"parameter_msg"}
{"payload":{"local_timestamp":1739797178777,"message_id":127,"param":{"paramName":"val_iou_threshold","paramValue":0.6,"source":"manual","step":null}},"type":"parameter_msg"}
{"payload":{"key":"comet_mode","message_id":128,"value":"online"},"type":"log_other"}
{"payload":{"key":"comet_max_image_uploads","message_id":129,"value":100},"type":"log_other"}
{"payload":{"key":"comet_log_per_class_metrics","message_id":130,"value":false},"type":"log_other"}
{"payload":{"key":"comet_log_batch_metrics","message_id":131,"value":false},"type":"log_other"}
{"payload":{"key":"comet_log_confusion_matrix","message_id":132,"value":true},"type":"log_other"}
{"payload":{"key":"comet_model_name","message_id":133,"value":"yolov5"},"type":"log_other"}
{"payload":{"local_timestamp":1739797179039,"message_id":134,"output":"Downloading https://github.com/ultralytics/yolov5/releases/download/v7.0/yolov5s.pt to yolov5s.pt...\n","stderr":true},"type":"standard_output"}
{"payload":{"local_timestamp":1739797179759,"message_id":135,"output":"\r  0%|                                                                                 | 0.00/14.1M [00:00<?, ?B/s]","stderr":true},"type":"standard_output"}
{"payload":{"local_timestamp":1739797179863,"message_id":136,"output":"\r 12%|\u2588\u2588\u2588\u2588\u2588\u2588\u2588\u2588\u258e                                                               | 1.62M/14.1M [00:00<00:00, 16.4MB/s]","stderr":true},"type":"standard_output"}
{"payload":{"local_timestamp":1739797179966,"message_id":137,"output":"\r 28%|\u2588\u2588\u2588\u2588\u2588\u2588\u2588\u2588\u2588\u2588\u2588\u2588\u2588\u2588\u2588\u2588\u2588\u2588\u2588\u2588\u258d                                                   | 4.00M/14.1M [00:00<00:00, 21.0MB/s]","stderr":true},"type":"standard_output"}
{"payload":{"local_timestamp":1739797180066,"message_id":138,"output":"\r 45%|\u2588\u2588\u2588\u2588\u2588\u2588\u2588\u2588\u2588\u2588\u2588\u2588\u2588\u2588\u2588\u2588\u2588\u2588\u2588\u2588\u2588\u2588\u2588\u2588\u2588\u2588\u2588\u2588\u2588\u2588\u2588\u2588\u258c                                       | 6.38M/14.1M [00:00<00:00, 22.7MB/s]","stderr":true},"type":"standard_output"}
{"payload":{"local_timestamp":1739797180168,"message_id":139,"output":"\r 62%|\u2588\u2588\u2588\u2588\u2588\u2588\u2588\u2588\u2588\u2588\u2588\u2588\u2588\u2588\u2588\u2588\u2588\u2588\u2588\u2588\u2588\u2588\u2588\u2588\u2588\u2588\u2588\u2588\u2588\u2588\u2588\u2588\u2588\u2588\u2588\u2588\u2588\u2588\u2588\u2588\u2588\u2588\u2588\u2588\u258c                           | 8.75M/14.1M [00:00<00:00, 23.4MB/s]","stderr":true},"type":"standard_output"}
{"payload":{"local_timestamp":1739797180357,"message_id":140,"output":"\r 78%|\u2588\u2588\u2588\u2588\u2588\u2588\u2588\u2588\u2588\u2588\u2588\u2588\u2588\u2588\u2588\u2588\u2588\u2588\u2588\u2588\u2588\u2588\u2588\u2588\u2588\u2588\u2588\u2588\u2588\u2588\u2588\u2588\u2588\u2588\u2588\u2588\u2588\u2588\u2588\u2588\u2588\u2588\u2588\u2588\u2588\u2588\u2588\u2588\u2588\u2588\u2588\u2588\u2588\u2588\u2588\u2588                | 11.0M/14.1M [00:00<00:00, 17.8MB/s]","stderr":true},"type":"standard_output"}
{"payload":{"local_timestamp":1739797180464,"message_id":141,"output":"\r 96%|\u2588\u2588\u2588\u2588\u2588\u2588\u2588\u2588\u2588\u2588\u2588\u2588\u2588\u2588\u2588\u2588\u2588\u2588\u2588\u2588\u2588\u2588\u2588\u2588\u2588\u2588\u2588\u2588\u2588\u2588\u2588\u2588\u2588\u2588\u2588\u2588\u2588\u2588\u2588\u2588\u2588\u2588\u2588\u2588\u2588\u2588\u2588\u2588\u2588\u2588\u2588\u2588\u2588\u2588\u2588\u2588\u2588\u2588\u2588\u2588\u2588\u2588\u2588\u2588\u2588\u2588\u2588\u2588\u258a   | 13.5M/14.1M [00:00<00:00, 19.8MB/s]","stderr":true},"type":"standard_output"}
{"payload":{"local_timestamp":1739797180488,"message_id":142,"output":"\r100%|\u2588\u2588\u2588\u2588\u2588\u2588\u2588\u2588\u2588\u2588\u2588\u2588\u2588\u2588\u2588\u2588\u2588\u2588\u2588\u2588\u2588\u2588\u2588\u2588\u2588\u2588\u2588\u2588\u2588\u2588\u2588\u2588\u2588\u2588\u2588\u2588\u2588\u2588\u2588\u2588\u2588\u2588\u2588\u2588\u2588\u2588\u2588\u2588\u2588\u2588\u2588\u2588\u2588\u2588\u2588\u2588\u2588\u2588\u2588\u2588\u2588\u2588\u2588\u2588\u2588\u2588\u2588\u2588\u2588\u2588\u2588\u2588| 14.1M/14.1M [00:00<00:00, 20.3MB/s]","stderr":true},"type":"standard_output"}
{"payload":{"local_timestamp":1739797180488,"message_id":143,"output":"\n","stderr":true},"type":"standard_output"}
{"payload":{"local_timestamp":1739797180494,"message_id":144,"output":"\n","stderr":true},"type":"standard_output"}
{"payload":{"local_timestamp":1739797180518,"message_id":145,"output":"Overriding model.yaml nc=80 with nc=2\n","stderr":true},"type":"standard_output"}
{"payload":{"local_timestamp":1739797180518,"message_id":146,"output":"\n                 from  n    params  module                                  arguments                     \n","stderr":true},"type":"standard_output"}
{"payload":{"local_timestamp":1739797180523,"message_id":147,"output":"  0                -1  1      3520  models.common.Conv                      [3, 32, 6, 2, 2]              \n","stderr":true},"type":"standard_output"}
{"payload":{"local_timestamp":1739797180523,"message_id":148,"output":"  1                -1  1     18560  models.common.Conv                      [32, 64, 3, 2]                \n","stderr":true},"type":"standard_output"}
{"payload":{"local_timestamp":1739797180524,"message_id":149,"output":"  2                -1  1     18816  models.common.C3                        [64, 64, 1]                   \n","stderr":true},"type":"standard_output"}
{"payload":{"local_timestamp":1739797180526,"message_id":150,"output":"  3                -1  1     73984  models.common.Conv                      [64, 128, 3, 2]               \n","stderr":true},"type":"standard_output"}
{"payload":{"local_timestamp":1739797180527,"message_id":151,"output":"  4                -1  2    115712  models.common.C3                        [128, 128, 2]                 \n","stderr":true},"type":"standard_output"}
{"payload":{"local_timestamp":1739797180528,"message_id":152,"output":"  5                -1  1    295424  models.common.Conv                      [128, 256, 3, 2]              \n","stderr":true},"type":"standard_output"}
{"payload":{"local_timestamp":1739797180531,"message_id":153,"output":"  6                -1  3    625152  models.common.C3                        [256, 256, 3]                 \n","stderr":true},"type":"standard_output"}
{"payload":{"local_timestamp":1739797180535,"message_id":154,"output":"  7                -1  1   1180672  models.common.Conv                      [256, 512, 3, 2]              \n","stderr":true},"type":"standard_output"}
{"payload":{"local_timestamp":1739797180540,"message_id":155,"output":"  8                -1  1   1182720  models.common.C3                        [512, 512, 1]                 \n","stderr":true},"type":"standard_output"}
{"payload":{"local_timestamp":1739797180543,"message_id":156,"output":"  9                -1  1    656896  models.common.SPPF                      [512, 512, 5]                 \n","stderr":true},"type":"standard_output"}
{"payload":{"local_timestamp":1739797180544,"message_id":157,"output":" 10                -1  1    131584  models.common.Conv                      [512, 256, 1, 1]              \n","stderr":true},"type":"standard_output"}
{"payload":{"local_timestamp":1739797180544,"message_id":158,"output":" 11                -1  1         0  torch.nn.modules.upsampling.Upsample    [None, 2, 'nearest']          \n","stderr":true},"type":"standard_output"}
{"payload":{"local_timestamp":1739797180544,"message_id":159,"output":" 12           [-1, 6]  1         0  models.common.Concat                    [1]                           \n","stderr":true},"type":"standard_output"}
{"payload":{"local_timestamp":1739797180546,"message_id":160,"output":" 13                -1  1    361984  models.common.C3                        [512, 256, 1, False]          \n","stderr":true},"type":"standard_output"}
{"payload":{"local_timestamp":1739797180547,"message_id":161,"output":" 14                -1  1     33024  models.common.Conv                      [256, 128, 1, 1]              \n","stderr":true},"type":"standard_output"}
{"payload":{"local_timestamp":1739797180547,"message_id":162,"output":" 15                -1  1         0  torch.nn.modules.upsampling.Upsample    [None, 2, 'nearest']          \n","stderr":true},"type":"standard_output"}
{"payload":{"local_timestamp":1739797180547,"message_id":163,"output":" 16           [-1, 4]  1         0  models.common.Concat                    [1]                           \n","stderr":true},"type":"standard_output"}
{"payload":{"local_timestamp":1739797180548,"message_id":164,"output":" 17                -1  1     90880  models.common.C3                        [256, 128, 1, False]          \n","stderr":true},"type":"standard_output"}
{"payload":{"local_timestamp":1739797180549,"message_id":165,"output":" 18                -1  1    147712  models.common.Conv                      [128, 128, 3, 2]              \n","stderr":true},"type":"standard_output"}
{"payload":{"local_timestamp":1739797180549,"message_id":166,"output":" 19          [-1, 14]  1         0  models.common.Concat                    [1]                           \n","stderr":true},"type":"standard_output"}
{"payload":{"local_timestamp":1739797180550,"message_id":167,"output":" 20                -1  1    296448  models.common.C3                        [256, 256, 1, False]          \n","stderr":true},"type":"standard_output"}
{"payload":{"local_timestamp":1739797180553,"message_id":168,"output":" 21                -1  1    590336  models.common.Conv                      [256, 256, 3, 2]              \n","stderr":true},"type":"standard_output"}
{"payload":{"local_timestamp":1739797180553,"message_id":169,"output":" 22          [-1, 10]  1         0  models.common.Concat                    [1]                           \n","stderr":true},"type":"standard_output"}
{"payload":{"local_timestamp":1739797180558,"message_id":170,"output":" 23                -1  1   1182720  models.common.C3                        [512, 512, 1, False]          \n","stderr":true},"type":"standard_output"}
{"payload":{"local_timestamp":1739797180560,"message_id":171,"output":" 24      [17, 20, 23]  1     18879  models.yolo.Detect                      [2, [[10, 13, 16, 30, 33, 23], [30, 61, 62, 45, 59, 119], [116, 90, 156, 198, 373, 326]], [128, 256, 512]]\n","stderr":true},"type":"standard_output"}
{"payload":{"local_timestamp":1739797180684,"message_id":172,"output":"Model summary: 214 layers, 7025023 parameters, 7025023 gradients, 16.0 GFLOPs\n","stderr":true},"type":"standard_output"}
{"payload":{"local_timestamp":1739797180684,"message_id":173,"output":"\n","stderr":true},"type":"standard_output"}
{"payload":{"local_timestamp":1739797180700,"message_id":174,"output":"Transferred 343/349 items from yolov5s.pt\n","stderr":true},"type":"standard_output"}
{"payload":{"local_timestamp":1739797180702,"message_id":175,"output":"\u001b[34m\u001b[1moptimizer:\u001b[0m SGD(lr=0.01) with parameter groups 57 weight(decay=0.0), 60 weight(decay=0.0005), 60 bias\n","stderr":true},"type":"standard_output"}
{"payload":{"local_timestamp":1739797180754,"message_id":176,"output":"\r\u001b[34m\u001b[1mtrain: \u001b[0mScanning /Users/rithwanali/Documents/auto_blueprint/Auto-Blueprints/yolov5/datasets/labels/train...:   0%| \u001b[0m","stderr":true},"type":"standard_output"}
{"payload":{"local_timestamp":1739797186965,"message_id":177,"output":"\r\u001b[34m\u001b[1mtrain: \u001b[0mScanning /Users/rithwanali/Documents/auto_blueprint/Auto-Blueprints/yolov5/datasets/labels/train... 1 image\u001b[0m","stderr":true},"type":"standard_output"}
{"payload":{"local_timestamp":1739797186968,"message_id":178,"output":"\r\u001b[34m\u001b[1mtrain: \u001b[0mScanning /Users/rithwanali/Documents/auto_blueprint/Auto-Blueprints/yolov5/datasets/labels/train... 3 image\u001b[0m","stderr":true},"type":"standard_output"}
{"payload":{"local_timestamp":1739797186968,"message_id":179,"output":"\n","stderr":true},"type":"standard_output"}
{"payload":{"local_timestamp":1739797187027,"message_id":180,"output":"\u001b[34m\u001b[1mtrain: \u001b[0mNew cache created: /Users/rithwanali/Documents/auto_blueprint/Auto-Blueprints/yolov5/datasets/labels/train.cache\n","stderr":true},"type":"standard_output"}
{"payload":{"local_timestamp":1739797187624,"message_id":181,"output":"\r  0%|          | 0/35 [00:00<?, ?it/s]","stderr":true},"type":"standard_output"}
{"payload":{"local_timestamp":1739797187733,"message_id":182,"output":"\r\u001b[34m\u001b[1mtrain: \u001b[0mCaching images (0.0GB ram):  63%|\u2588\u2588\u2588\u2588\u2588\u2588\u258e   | 22/35 [00:00<00:00, 203.05it/s]\u001b[0m","stderr":true},"type":"standard_output"}
{"payload":{"local_timestamp":1739797187765,"message_id":183,"output":"\r\u001b[34m\u001b[1mtrain: \u001b[0mCaching images (0.1GB ram): 100%|\u2588\u2588\u2588\u2588\u2588\u2588\u2588\u2588\u2588\u2588| 35/35 [00:00<00:00, 249.41it/s]\u001b[0m","stderr":true},"type":"standard_output"}
{"payload":{"local_timestamp":1739797187765,"message_id":184,"output":"\n","stderr":true},"type":"standard_output"}
{"payload":{"local_timestamp":1739797207965,"message_id":185,"metric":{"epoch":null,"metricName":"sys.cpu.percent.avg","metricValue":51.95,"step":null}},"type":"metric_msg"}
{"payload":{"local_timestamp":1739797207965,"message_id":186,"metric":{"epoch":null,"metricName":"sys.ram.total","metricValue":8589934592,"step":null}},"type":"metric_msg"}
{"payload":{"local_timestamp":1739797207965,"message_id":187,"metric":{"epoch":null,"metricName":"sys.ram.used","metricValue":7343980544,"step":null}},"type":"metric_msg"}
{"payload":{"local_timestamp":1739797207965,"message_id":188,"metric":{"epoch":null,"metricName":"sys.ram.available","metricValue":1245954048,"step":null}},"type":"metric_msg"}
{"payload":{"local_timestamp":1739797207965,"message_id":189,"metric":{"epoch":null,"metricName":"sys.ram.percent.used","metricValue":85.5,"step":null}},"type":"metric_msg"}
{"payload":{"local_timestamp":1739797207965,"message_id":190,"metric":{"epoch":null,"metricName":"sys.load.avg","metricValue":8.630859375,"step":null}},"type":"metric_msg"}
{"payload":{"local_timestamp":1739797208067,"message_id":191,"metric":{"epoch":null,"metricName":"sys.network.send_bps","metricValue":3080,"step":null}},"type":"metric_msg"}
{"payload":{"local_timestamp":1739797208067,"message_id":192,"metric":{"epoch":null,"metricName":"sys.network.receive_bps","metricValue":544294,"step":null}},"type":"metric_msg"}
{"payload":{"local_timestamp":1739797208169,"message_id":193,"metric":{"epoch":null,"metricName":"sys.disk.read_bps","metricValue":23641759.948007304,"step":null}},"type":"metric_msg"}
{"payload":{"local_timestamp":1739797208169,"message_id":194,"metric":{"epoch":null,"metricName":"sys.disk.write_bps","metricValue":65515193.31116912,"step":null}},"type":"metric_msg"}
{"payload":{"local_timestamp":1739797208169,"message_id":195,"metric":{"epoch":null,"metricName":"sys.disk.root.used","metricValue":13201408000,"step":null}},"type":"metric_msg"}
{"payload":{"local_timestamp":1739797208169,"message_id":196,"metric":{"epoch":null,"metricName":"sys.disk.root.percent.used","metricValue":23.6,"step":null}},"type":"metric_msg"}
{"payload":{"local_timestamp":1739797211065,"message_id":197,"output":"Traceback (most recent call last):\n","stderr":true},"type":"standard_output"}
{"payload":{"local_timestamp":1739797211065,"message_id":198,"output":"  File \"/Users/rithwanali/Documents/auto_blueprint/Auto-Blueprints/yolov5/utils/dataloaders.py\", line 590, in __init__\n","stderr":true},"type":"standard_output"}
{"payload":{"local_timestamp":1739797211070,"message_id":199,"output":"    ","stderr":true},"type":"standard_output"}
{"payload":{"local_timestamp":1739797211071,"message_id":200,"output":"assert self.im_files, f\"{prefix}No images found\"","stderr":true},"type":"standard_output"}
{"payload":{"local_timestamp":1739797211071,"message_id":201,"output":"\n","stderr":true},"type":"standard_output"}
{"payload":{"local_timestamp":1739797211071,"message_id":202,"output":" ","stderr":true},"type":"standard_output"}
{"payload":{"local_timestamp":1739797211071,"message_id":203,"output":" ","stderr":true},"type":"standard_output"}
{"payload":{"local_timestamp":1739797211071,"message_id":204,"output":" ","stderr":true},"type":"standard_output"}
{"payload":{"local_timestamp":1739797211071,"message_id":205,"output":" ","stderr":true},"type":"standard_output"}
{"payload":{"local_timestamp":1739797211071,"message_id":206,"output":" ","stderr":true},"type":"standard_output"}
{"payload":{"local_timestamp":1739797211071,"message_id":207,"output":" ","stderr":true},"type":"standard_output"}
{"payload":{"local_timestamp":1739797211071,"message_id":208,"output":" ","stderr":true},"type":"standard_output"}
{"payload":{"local_timestamp":1739797211071,"message_id":209,"output":" ","stderr":true},"type":"standard_output"}
{"payload":{"local_timestamp":1739797211071,"message_id":210,"output":" ","stderr":true},"type":"standard_output"}
{"payload":{"local_timestamp":1739797211071,"message_id":211,"output":" ","stderr":true},"type":"standard_output"}
{"payload":{"local_timestamp":1739797211071,"message_id":212,"output":" ","stderr":true},"type":"standard_output"}
{"payload":{"local_timestamp":1739797211071,"message_id":213,"output":"^","stderr":true},"type":"standard_output"}
{"payload":{"local_timestamp":1739797211071,"message_id":214,"output":"^","stderr":true},"type":"standard_output"}
{"payload":{"local_timestamp":1739797211071,"message_id":215,"output":"^","stderr":true},"type":"standard_output"}
{"payload":{"local_timestamp":1739797211071,"message_id":216,"output":"^","stderr":true},"type":"standard_output"}
{"payload":{"local_timestamp":1739797211071,"message_id":217,"output":"^","stderr":true},"type":"standard_output"}
{"payload":{"local_timestamp":1739797211071,"message_id":218,"output":"^","stderr":true},"type":"standard_output"}
{"payload":{"local_timestamp":1739797211071,"message_id":219,"output":"^","stderr":true},"type":"standard_output"}
{"payload":{"local_timestamp":1739797211071,"message_id":220,"output":"^","stderr":true},"type":"standard_output"}
{"payload":{"local_timestamp":1739797211071,"message_id":221,"output":"^","stderr":true},"type":"standard_output"}
{"payload":{"local_timestamp":1739797211071,"message_id":222,"output":"^","stderr":true},"type":"standard_output"}
{"payload":{"local_timestamp":1739797211071,"message_id":223,"output":"^","stderr":true},"type":"standard_output"}
{"payload":{"local_timestamp":1739797211071,"message_id":224,"output":"^","stderr":true},"type":"standard_output"}
{"payload":{"local_timestamp":1739797211071,"message_id":225,"output":"^","stderr":true},"type":"standard_output"}
{"payload":{"local_timestamp":1739797211071,"message_id":226,"output":"\n","stderr":true},"type":"standard_output"}
{"payload":{"local_timestamp":1739797211071,"message_id":227,"output":"AssertionError","stderr":true},"type":"standard_output"}
{"payload":{"local_timestamp":1739797211071,"message_id":228,"output":": ","stderr":true},"type":"standard_output"}
{"payload":{"local_timestamp":1739797211071,"message_id":229,"output":"\u001b[34m\u001b[1mval: \u001b[0mNo images found","stderr":true},"type":"standard_output"}
{"payload":{"local_timestamp":1739797211071,"message_id":230,"output":"\n","stderr":true},"type":"standard_output"}
{"payload":{"local_timestamp":1739797211071,"message_id":231,"output":"\n","stderr":true},"type":"standard_output"}
{"payload":{"local_timestamp":1739797211071,"message_id":232,"output":"The above exception was the direct cause of the following exception:\n","stderr":true},"type":"standard_output"}
{"payload":{"local_timestamp":1739797211071,"message_id":233,"output":"\n","stderr":true},"type":"standard_output"}
{"payload":{"local_timestamp":1739797211071,"message_id":234,"output":"Traceback (most recent call last):\n","stderr":true},"type":"standard_output"}
{"payload":{"local_timestamp":1739797211072,"message_id":235,"output":"  File \"/Users/rithwanali/Documents/auto_blueprint/Auto-Blueprints/yolov5/train.py\", line 986, in <module>\n","stderr":true},"type":"standard_output"}
{"payload":{"local_timestamp":1739797211076,"message_id":236,"output":"    ","stderr":true},"type":"standard_output"}
{"payload":{"local_timestamp":1739797211076,"message_id":237,"output":"main(opt)","stderr":true},"type":"standard_output"}
{"payload":{"local_timestamp":1739797211076,"message_id":238,"output":"\n","stderr":true},"type":"standard_output"}
{"payload":{"local_timestamp":1739797211076,"message_id":239,"output":"  File \"/Users/rithwanali/Documents/auto_blueprint/Auto-Blueprints/yolov5/train.py\", line 688, in main\n","stderr":true},"type":"standard_output"}
{"payload":{"local_timestamp":1739797211077,"message_id":240,"output":"    ","stderr":true},"type":"standard_output"}
{"payload":{"local_timestamp":1739797211077,"message_id":241,"output":"train(opt.hyp, opt, device, callbacks)","stderr":true},"type":"standard_output"}
{"payload":{"local_timestamp":1739797211077,"message_id":242,"output":"\n","stderr":true},"type":"standard_output"}
{"payload":{"local_timestamp":1739797211077,"message_id":243,"output":"  File \"/Users/rithwanali/Documents/auto_blueprint/Auto-Blueprints/yolov5/train.py\", line 309, in train\n","stderr":true},"type":"standard_output"}
{"payload":{"local_timestamp":1739797211078,"message_id":244,"output":"    ","stderr":true},"type":"standard_output"}
{"payload":{"local_timestamp":1739797211078,"message_id":245,"output":"val_loader = create_dataloader(","stderr":true},"type":"standard_output"}
{"payload":{"local_timestamp":1739797211078,"message_id":246,"output":"\n","stderr":true},"type":"standard_output"}
{"payload":{"local_timestamp":1739797211079,"message_id":247,"output":" ","stderr":true},"type":"standard_output"}
{"payload":{"local_timestamp":1739797211079,"message_id":248,"output":" ","stderr":true},"type":"standard_output"}
{"payload":{"local_timestamp":1739797211079,"message_id":249,"output":" ","stderr":true},"type":"standard_output"}
{"payload":{"local_timestamp":1739797211079,"message_id":250,"output":" ","stderr":true},"type":"standard_output"}
{"payload":{"local_timestamp":1739797211079,"message_id":251,"output":" ","stderr":true},"type":"standard_output"}
{"payload":{"local_timestamp":1739797211079,"message_id":252,"output":" ","stderr":true},"type":"standard_output"}
{"payload":{"local_timestamp":1739797211079,"message_id":253,"output":" ","stderr":true},"type":"standard_output"}
{"payload":{"local_timestamp":1739797211079,"message_id":254,"output":" ","stderr":true},"type":"standard_output"}
{"payload":{"local_timestamp":1739797211079,"message_id":255,"output":" ","stderr":true},"type":"standard_output"}
{"payload":{"local_timestamp":1739797211079,"message_id":256,"output":" ","stderr":true},"type":"standard_output"}
{"payload":{"local_timestamp":1739797211079,"message_id":257,"output":" ","stderr":true},"type":"standard_output"}
{"payload":{"local_timestamp":1739797211079,"message_id":258,"output":" ","stderr":true},"type":"standard_output"}
{"payload":{"local_timestamp":1739797211079,"message_id":259,"output":" ","stderr":true},"type":"standard_output"}
{"payload":{"local_timestamp":1739797211079,"message_id":260,"output":" ","stderr":true},"type":"standard_output"}
{"payload":{"local_timestamp":1739797211079,"message_id":261,"output":" ","stderr":true},"type":"standard_output"}
{"payload":{"local_timestamp":1739797211079,"message_id":262,"output":" ","stderr":true},"type":"standard_output"}
{"payload":{"local_timestamp":1739797211079,"message_id":263,"output":" ","stderr":true},"type":"standard_output"}
{"payload":{"local_timestamp":1739797211079,"message_id":264,"output":"^","stderr":true},"type":"standard_output"}
{"payload":{"local_timestamp":1739797211079,"message_id":265,"output":"^","stderr":true},"type":"standard_output"}
{"payload":{"local_timestamp":1739797211079,"message_id":266,"output":"^","stderr":true},"type":"standard_output"}
{"payload":{"local_timestamp":1739797211079,"message_id":267,"output":"^","stderr":true},"type":"standard_output"}
{"payload":{"local_timestamp":1739797211079,"message_id":268,"output":"^","stderr":true},"type":"standard_output"}
{"payload":{"local_timestamp":1739797211079,"message_id":269,"output":"^","stderr":true},"type":"standard_output"}
{"payload":{"local_timestamp":1739797211079,"message_id":270,"output":"^","stderr":true},"type":"standard_output"}
{"payload":{"local_timestamp":1739797211079,"message_id":271,"output":"^","stderr":true},"type":"standard_output"}
{"payload":{"local_timestamp":1739797211079,"message_id":272,"output":"^","stderr":true},"type":"standard_output"}
{"payload":{"local_timestamp":1739797211079,"message_id":273,"output":"^","stderr":true},"type":"standard_output"}
{"payload":{"local_timestamp":1739797211079,"message_id":274,"output":"^","stderr":true},"type":"standard_output"}
{"payload":{"local_timestamp":1739797211079,"message_id":275,"output":"^","stderr":true},"type":"standard_output"}
{"payload":{"local_timestamp":1739797211079,"message_id":276,"output":"^","stderr":true},"type":"standard_output"}
{"payload":{"local_timestamp":1739797211079,"message_id":277,"output":"^","stderr":true},"type":"standard_output"}
{"payload":{"local_timestamp":1739797211079,"message_id":278,"output":"^","stderr":true},"type":"standard_output"}
{"payload":{"local_timestamp":1739797211079,"message_id":279,"output":"^","stderr":true},"type":"standard_output"}
{"payload":{"local_timestamp":1739797211079,"message_id":280,"output":"^","stderr":true},"type":"standard_output"}
{"payload":{"local_timestamp":1739797211079,"message_id":281,"output":"^","stderr":true},"type":"standard_output"}
{"payload":{"local_timestamp":1739797211079,"message_id":282,"output":"\n","stderr":true},"type":"standard_output"}
{"payload":{"local_timestamp":1739797211079,"message_id":283,"output":"  File \"/Users/rithwanali/Documents/auto_blueprint/Auto-Blueprints/yolov5/utils/dataloaders.py\", line 184, in create_dataloader\n","stderr":true},"type":"standard_output"}
{"payload":{"local_timestamp":1739797211079,"message_id":284,"output":"    ","stderr":true},"type":"standard_output"}
{"payload":{"local_timestamp":1739797211079,"message_id":285,"output":"dataset = LoadImagesAndLabels(","stderr":true},"type":"standard_output"}
{"payload":{"local_timestamp":1739797211079,"message_id":286,"output":"\n","stderr":true},"type":"standard_output"}
{"payload":{"local_timestamp":1739797211079,"message_id":287,"output":" ","stderr":true},"type":"standard_output"}
{"payload":{"local_timestamp":1739797211079,"message_id":288,"output":" ","stderr":true},"type":"standard_output"}
{"payload":{"local_timestamp":1739797211079,"message_id":289,"output":" ","stderr":true},"type":"standard_output"}
{"payload":{"local_timestamp":1739797211079,"message_id":290,"output":" ","stderr":true},"type":"standard_output"}
{"payload":{"local_timestamp":1739797211079,"message_id":291,"output":" ","stderr":true},"type":"standard_output"}
{"payload":{"local_timestamp":1739797211079,"message_id":292,"output":" ","stderr":true},"type":"standard_output"}
{"payload":{"local_timestamp":1739797211079,"message_id":293,"output":" ","stderr":true},"type":"standard_output"}
{"payload":{"local_timestamp":1739797211079,"message_id":294,"output":" ","stderr":true},"type":"standard_output"}
{"payload":{"local_timestamp":1739797211079,"message_id":295,"output":" ","stderr":true},"type":"standard_output"}
{"payload":{"local_timestamp":1739797211079,"message_id":296,"output":" ","stderr":true},"type":"standard_output"}
{"payload":{"local_timestamp":1739797211079,"message_id":297,"output":" ","stderr":true},"type":"standard_output"}
{"payload":{"local_timestamp":1739797211079,"message_id":298,"output":" ","stderr":true},"type":"standard_output"}
{"payload":{"local_timestamp":1739797211079,"message_id":299,"output":" ","stderr":true},"type":"standard_output"}
{"payload":{"local_timestamp":1739797211079,"message_id":300,"output":" ","stderr":true},"type":"standard_output"}
{"payload":{"local_timestamp":1739797211079,"message_id":301,"output":"^","stderr":true},"type":"standard_output"}
{"payload":{"local_timestamp":1739797211079,"message_id":302,"output":"^","stderr":true},"type":"standard_output"}
{"payload":{"local_timestamp":1739797211079,"message_id":303,"output":"^","stderr":true},"type":"standard_output"}
{"payload":{"local_timestamp":1739797211079,"message_id":304,"output":"^","stderr":true},"type":"standard_output"}
{"payload":{"local_timestamp":1739797211079,"message_id":305,"output":"^","stderr":true},"type":"standard_output"}
{"payload":{"local_timestamp":1739797211079,"message_id":306,"output":"^","stderr":true},"type":"standard_output"}
{"payload":{"local_timestamp":1739797211079,"message_id":307,"output":"^","stderr":true},"type":"standard_output"}
{"payload":{"local_timestamp":1739797211079,"message_id":308,"output":"^","stderr":true},"type":"standard_output"}
{"payload":{"local_timestamp":1739797211079,"message_id":309,"output":"^","stderr":true},"type":"standard_output"}
{"payload":{"local_timestamp":1739797211079,"message_id":310,"output":"^","stderr":true},"type":"standard_output"}
{"payload":{"local_timestamp":1739797211079,"message_id":311,"output":"^","stderr":true},"type":"standard_output"}
{"payload":{"local_timestamp":1739797211079,"message_id":312,"output":"^","stderr":true},"type":"standard_output"}
{"payload":{"local_timestamp":1739797211079,"message_id":313,"output":"^","stderr":true},"type":"standard_output"}
{"payload":{"local_timestamp":1739797211079,"message_id":314,"output":"^","stderr":true},"type":"standard_output"}
{"payload":{"local_timestamp":1739797211079,"message_id":315,"output":"^","stderr":true},"type":"standard_output"}
{"payload":{"local_timestamp":1739797211079,"message_id":316,"output":"^","stderr":true},"type":"standard_output"}
{"payload":{"local_timestamp":1739797211079,"message_id":317,"output":"^","stderr":true},"type":"standard_output"}
{"payload":{"local_timestamp":1739797211079,"message_id":318,"output":"^","stderr":true},"type":"standard_output"}
{"payload":{"local_timestamp":1739797211079,"message_id":319,"output":"^","stderr":true},"type":"standard_output"}
{"payload":{"local_timestamp":1739797211079,"message_id":320,"output":"^","stderr":true},"type":"standard_output"}
{"payload":{"local_timestamp":1739797211079,"message_id":321,"output":"\n","stderr":true},"type":"standard_output"}
{"payload":{"local_timestamp":1739797211079,"message_id":322,"output":"  File \"/Users/rithwanali/Documents/auto_blueprint/Auto-Blueprints/yolov5/utils/dataloaders.py\", line 592, in __init__\n","stderr":true},"type":"standard_output"}
{"payload":{"local_timestamp":1739797211082,"message_id":323,"output":"    ","stderr":true},"type":"standard_output"}
{"payload":{"local_timestamp":1739797211082,"message_id":324,"output":"raise Exception(f\"{prefix}Error loading data from {path}: {e}\\n{HELP_URL}\") from e","stderr":true},"type":"standard_output"}
{"payload":{"local_timestamp":1739797211082,"message_id":325,"output":"\n","stderr":true},"type":"standard_output"}
{"payload":{"local_timestamp":1739797211082,"message_id":326,"output":"Exception","stderr":true},"type":"standard_output"}
{"payload":{"local_timestamp":1739797211082,"message_id":327,"output":": ","stderr":true},"type":"standard_output"}
{"payload":{"local_timestamp":1739797211082,"message_id":328,"output":"\u001b[34m\u001b[1mval: \u001b[0mError loading data from /Users/rithwanali/Documents/auto_blueprint/Auto-Blueprints/yolov5/datasets/images/val: \u001b[34m\u001b[1mval: \u001b[0mNo images found\nSee https://docs.ultralytics.com/yolov5/tutorials/train_custom_data","stderr":true},"type":"standard_output"}
{"payload":{"local_timestamp":1739797211082,"message_id":329,"output":"\n","stderr":true},"type":"standard_output"}
{"payload":{"local_timestamp":1739797211084,"message_id":330,"output":"\u001b[1;38;5;39mCOMET INFO:\u001b[0m ---------------------------------------------------------------------------------------\n","stderr":true},"type":"standard_output"}
{"payload":{"local_timestamp":1739797211084,"message_id":331,"output":"\u001b[1;38;5;39mCOMET INFO:\u001b[0m Comet.ml OfflineExperiment Summary\n","stderr":true},"type":"standard_output"}
{"payload":{"local_timestamp":1739797211084,"message_id":332,"output":"\u001b[1;38;5;39mCOMET INFO:\u001b[0m ---------------------------------------------------------------------------------------\n","stderr":true},"type":"standard_output"}
{"payload":{"local_timestamp":1739797211084,"message_id":333,"output":"\u001b[1;38;5;39mCOMET INFO:\u001b[0m   Data:\n","stderr":true},"type":"standard_output"}
{"payload":{"local_timestamp":1739797211085,"message_id":334,"output":"\u001b[1;38;5;39mCOMET INFO:\u001b[0m     display_summary_level : 1\n","stderr":true},"type":"standard_output"}
{"payload":{"local_timestamp":1739797211085,"message_id":335,"output":"\u001b[1;38;5;39mCOMET INFO:\u001b[0m     name                  : exp\n","stderr":true},"type":"standard_output"}
{"payload":{"local_timestamp":1739797211085,"message_id":336,"output":"\u001b[1;38;5;39mCOMET INFO:\u001b[0m     url                   : [OfflineExperiment will get URL after upload]\n","stderr":true},"type":"standard_output"}
{"payload":{"local_timestamp":1739797211085,"message_id":337,"output":"\u001b[1;38;5;39mCOMET INFO:\u001b[0m   Others:\n","stderr":true},"type":"standard_output"}
{"payload":{"local_timestamp":1739797211085,"message_id":338,"output":"\u001b[1;38;5;39mCOMET INFO:\u001b[0m     Created from                : YOLOv5\n","stderr":true},"type":"standard_output"}
{"payload":{"local_timestamp":1739797211086,"message_id":339,"output":"\u001b[1;38;5;39mCOMET INFO:\u001b[0m     Name                        : exp\n","stderr":true},"type":"standard_output"}
{"payload":{"local_timestamp":1739797211087,"message_id":340,"output":"\u001b[1;38;5;39mCOMET INFO:\u001b[0m     comet_log_batch_metrics     : False\n","stderr":true},"type":"standard_output"}
{"payload":{"local_timestamp":1739797211087,"message_id":341,"output":"\u001b[1;38;5;39mCOMET INFO:\u001b[0m     comet_log_confusion_matrix  : True\n","stderr":true},"type":"standard_output"}
{"payload":{"local_timestamp":1739797211087,"message_id":342,"output":"\u001b[1;38;5;39mCOMET INFO:\u001b[0m     comet_log_per_class_metrics : False\n","stderr":true},"type":"standard_output"}
{"payload":{"local_timestamp":1739797211087,"message_id":343,"output":"\u001b[1;38;5;39mCOMET INFO:\u001b[0m     comet_max_image_uploads     : 100\n","stderr":true},"type":"standard_output"}
{"payload":{"local_timestamp":1739797211087,"message_id":344,"output":"\u001b[1;38;5;39mCOMET INFO:\u001b[0m     comet_mode                  : online\n","stderr":true},"type":"standard_output"}
{"payload":{"local_timestamp":1739797211087,"message_id":345,"output":"\u001b[1;38;5;39mCOMET INFO:\u001b[0m     comet_model_name            : yolov5\n","stderr":true},"type":"standard_output"}
{"payload":{"local_timestamp":1739797211088,"message_id":346,"output":"\u001b[1;38;5;39mCOMET INFO:\u001b[0m     hasNestedParams             : True\n","stderr":true},"type":"standard_output"}
{"payload":{"local_timestamp":1739797211088,"message_id":347,"output":"\u001b[1;38;5;39mCOMET INFO:\u001b[0m     offline_experiment          : True\n","stderr":true},"type":"standard_output"}
{"payload":{"local_timestamp":1739797211088,"message_id":348,"output":"\u001b[1;38;5;39mCOMET INFO:\u001b[0m   Parameters:\n","stderr":true},"type":"standard_output"}
{"payload":{"local_timestamp":1739797211088,"message_id":349,"output":"\u001b[1;38;5;39mCOMET INFO:\u001b[0m     anchor_t            : 4.0\n","stderr":true},"type":"standard_output"}
{"payload":{"local_timestamp":1739797211088,"message_id":350,"output":"\u001b[1;38;5;39mCOMET INFO:\u001b[0m     artifact_alias      : latest\n","stderr":true},"type":"standard_output"}
{"payload":{"local_timestamp":1739797211088,"message_id":351,"output":"\u001b[1;38;5;39mCOMET INFO:\u001b[0m     batch_size          : 16\n","stderr":true},"type":"standard_output"}
{"payload":{"local_timestamp":1739797211088,"message_id":352,"output":"\u001b[1;38;5;39mCOMET INFO:\u001b[0m     bbox_interval       : -1\n","stderr":true},"type":"standard_output"}
{"payload":{"local_timestamp":1739797211088,"message_id":353,"output":"\u001b[1;38;5;39mCOMET INFO:\u001b[0m     box                 : 0.05\n","stderr":true},"type":"standard_output"}
{"payload":{"local_timestamp":1739797211088,"message_id":354,"output":"\u001b[1;38;5;39mCOMET INFO:\u001b[0m     bucket              : \n","stderr":true},"type":"standard_output"}
{"payload":{"local_timestamp":1739797211089,"message_id":355,"output":"\u001b[1;38;5;39mCOMET INFO:\u001b[0m     cfg                 : \n","stderr":true},"type":"standard_output"}
{"payload":{"local_timestamp":1739797211089,"message_id":356,"output":"\u001b[1;38;5;39mCOMET INFO:\u001b[0m     cls                 : 0.3\n","stderr":true},"type":"standard_output"}
{"payload":{"local_timestamp":1739797211089,"message_id":357,"output":"\u001b[1;38;5;39mCOMET INFO:\u001b[0m     cls_pw              : 1.0\n","stderr":true},"type":"standard_output"}
{"payload":{"local_timestamp":1739797211089,"message_id":358,"output":"\u001b[1;38;5;39mCOMET INFO:\u001b[0m     copy_paste          : 0.0\n","stderr":true},"type":"standard_output"}
{"payload":{"local_timestamp":1739797211089,"message_id":359,"output":"\u001b[1;38;5;39mCOMET INFO:\u001b[0m     cos_lr              : False\n","stderr":true},"type":"standard_output"}
{"payload":{"local_timestamp":1739797211089,"message_id":360,"output":"\u001b[1;38;5;39mCOMET INFO:\u001b[0m     degrees             : 0.0\n","stderr":true},"type":"standard_output"}
{"payload":{"local_timestamp":1739797211089,"message_id":361,"output":"\u001b[1;38;5;39mCOMET INFO:\u001b[0m     device              : \n","stderr":true},"type":"standard_output"}
{"payload":{"local_timestamp":1739797211090,"message_id":362,"output":"\u001b[1;38;5;39mCOMET INFO:\u001b[0m     entity              : None\n","stderr":true},"type":"standard_output"}
{"payload":{"local_timestamp":1739797211091,"message_id":363,"output":"\u001b[1;38;5;39mCOMET INFO:\u001b[0m     evolve              : None\n","stderr":true},"type":"standard_output"}
{"payload":{"local_timestamp":1739797211091,"message_id":364,"output":"\u001b[1;38;5;39mCOMET INFO:\u001b[0m     evolve_population   : data/hyps\n","stderr":true},"type":"standard_output"}
{"payload":{"local_timestamp":1739797211091,"message_id":365,"output":"\u001b[1;38;5;39mCOMET INFO:\u001b[0m     exist_ok            : False\n","stderr":true},"type":"standard_output"}
{"payload":{"local_timestamp":1739797211091,"message_id":366,"output":"\u001b[1;38;5;39mCOMET INFO:\u001b[0m     fl_gamma            : 0.0\n","stderr":true},"type":"standard_output"}
{"payload":{"local_timestamp":1739797211091,"message_id":367,"output":"\u001b[1;38;5;39mCOMET INFO:\u001b[0m     fliplr              : 0.5\n","stderr":true},"type":"standard_output"}
{"payload":{"local_timestamp":1739797211091,"message_id":368,"output":"\u001b[1;38;5;39mCOMET INFO:\u001b[0m     flipud              : 0.0\n","stderr":true},"type":"standard_output"}
{"payload":{"local_timestamp":1739797211091,"message_id":369,"output":"\u001b[1;38;5;39mCOMET INFO:\u001b[0m     freeze              : [0]\n","stderr":true},"type":"standard_output"}
{"payload":{"local_timestamp":1739797211091,"message_id":370,"output":"\u001b[1;38;5;39mCOMET INFO:\u001b[0m     hsv_h               : 0.015\n","stderr":true},"type":"standard_output"}
{"payload":{"local_timestamp":1739797211092,"message_id":371,"output":"\u001b[1;38;5;39mCOMET INFO:\u001b[0m     hsv_s               : 0.7\n","stderr":true},"type":"standard_output"}
{"payload":{"local_timestamp":1739797211093,"message_id":372,"output":"\u001b[1;38;5;39mCOMET INFO:\u001b[0m     hsv_v               : 0.4\n","stderr":true},"type":"standard_output"}
{"payload":{"local_timestamp":1739797211093,"message_id":373,"output":"\u001b[1;38;5;39mCOMET INFO:\u001b[0m     hyp|anchor_t        : 4.0\n","stderr":true},"type":"standard_output"}
{"payload":{"local_timestamp":1739797211093,"message_id":374,"output":"\u001b[1;38;5;39mCOMET INFO:\u001b[0m     hyp|box             : 0.05\n","stderr":true},"type":"standard_output"}
{"payload":{"local_timestamp":1739797211093,"message_id":375,"output":"\u001b[1;38;5;39mCOMET INFO:\u001b[0m     hyp|cls             : 0.3\n","stderr":true},"type":"standard_output"}
{"payload":{"local_timestamp":1739797211093,"message_id":376,"output":"\u001b[1;38;5;39mCOMET INFO:\u001b[0m     hyp|cls_pw          : 1.0\n","stderr":true},"type":"standard_output"}
{"payload":{"local_timestamp":1739797211093,"message_id":377,"output":"\u001b[1;38;5;39mCOMET INFO:\u001b[0m     hyp|copy_paste      : 0.0\n","stderr":true},"type":"standard_output"}
{"payload":{"local_timestamp":1739797211094,"message_id":378,"output":"\u001b[1;38;5;39mCOMET INFO:\u001b[0m     hyp|degrees         : 0.0\n","stderr":true},"type":"standard_output"}
{"payload":{"local_timestamp":1739797211101,"message_id":379,"output":"\u001b[1;38;5;39mCOMET INFO:\u001b[0m     hyp|fl_gamma        : 0.0\n","stderr":true},"type":"standard_output"}
{"payload":{"local_timestamp":1739797211101,"message_id":380,"output":"\u001b[1;38;5;39mCOMET INFO:\u001b[0m     hyp|fliplr          : 0.5\n","stderr":true},"type":"standard_output"}
{"payload":{"local_timestamp":1739797211101,"message_id":381,"output":"\u001b[1;38;5;39mCOMET INFO:\u001b[0m     hyp|flipud          : 0.0\n","stderr":true},"type":"standard_output"}
{"payload":{"local_timestamp":1739797211102,"message_id":382,"output":"\u001b[1;38;5;39mCOMET INFO:\u001b[0m     hyp|hsv_h           : 0.015\n","stderr":true},"type":"standard_output"}
{"payload":{"local_timestamp":1739797211102,"message_id":383,"output":"\u001b[1;38;5;39mCOMET INFO:\u001b[0m     hyp|hsv_s           : 0.7\n","stderr":true},"type":"standard_output"}
{"payload":{"local_timestamp":1739797211102,"message_id":384,"output":"\u001b[1;38;5;39mCOMET INFO:\u001b[0m     hyp|hsv_v           : 0.4\n","stderr":true},"type":"standard_output"}
{"payload":{"local_timestamp":1739797211102,"message_id":385,"output":"\u001b[1;38;5;39mCOMET INFO:\u001b[0m     hyp|iou_t           : 0.2\n","stderr":true},"type":"standard_output"}
{"payload":{"local_timestamp":1739797211103,"message_id":386,"output":"\u001b[1;38;5;39mCOMET INFO:\u001b[0m     hyp|lr0             : 0.01\n","stderr":true},"type":"standard_output"}
{"payload":{"local_timestamp":1739797211103,"message_id":387,"output":"\u001b[1;38;5;39mCOMET INFO:\u001b[0m     hyp|lrf             : 0.1\n","stderr":true},"type":"standard_output"}
{"payload":{"local_timestamp":1739797211103,"message_id":388,"output":"\u001b[1;38;5;39mCOMET INFO:\u001b[0m     hyp|mixup           : 0.1\n","stderr":true},"type":"standard_output"}
{"payload":{"local_timestamp":1739797211103,"message_id":389,"output":"\u001b[1;38;5;39mCOMET INFO:\u001b[0m     hyp|momentum        : 0.937\n","stderr":true},"type":"standard_output"}
{"payload":{"local_timestamp":1739797211103,"message_id":390,"output":"\u001b[1;38;5;39mCOMET INFO:\u001b[0m     hyp|mosaic          : 1.0\n","stderr":true},"type":"standard_output"}
{"payload":{"local_timestamp":1739797211103,"message_id":391,"output":"\u001b[1;38;5;39mCOMET INFO:\u001b[0m     hyp|obj             : 0.7\n","stderr":true},"type":"standard_output"}
{"payload":{"local_timestamp":1739797211103,"message_id":392,"output":"\u001b[1;38;5;39mCOMET INFO:\u001b[0m     hyp|obj_pw          : 1.0\n","stderr":true},"type":"standard_output"}
{"payload":{"local_timestamp":1739797211103,"message_id":393,"output":"\u001b[1;38;5;39mCOMET INFO:\u001b[0m     hyp|perspective     : 0.0\n","stderr":true},"type":"standard_output"}
{"payload":{"local_timestamp":1739797211103,"message_id":394,"output":"\u001b[1;38;5;39mCOMET INFO:\u001b[0m     hyp|scale           : 0.9\n","stderr":true},"type":"standard_output"}
{"payload":{"local_timestamp":1739797211103,"message_id":395,"output":"\u001b[1;38;5;39mCOMET INFO:\u001b[0m     hyp|shear           : 0.0\n","stderr":true},"type":"standard_output"}
{"payload":{"local_timestamp":1739797211103,"message_id":396,"output":"\u001b[1;38;5;39mCOMET INFO:\u001b[0m     hyp|translate       : 0.1\n","stderr":true},"type":"standard_output"}
{"payload":{"local_timestamp":1739797211103,"message_id":397,"output":"\u001b[1;38;5;39mCOMET INFO:\u001b[0m     hyp|warmup_bias_lr  : 0.1\n","stderr":true},"type":"standard_output"}
{"payload":{"local_timestamp":1739797211103,"message_id":398,"output":"\u001b[1;38;5;39mCOMET INFO:\u001b[0m     hyp|warmup_epochs   : 3.0\n","stderr":true},"type":"standard_output"}
{"payload":{"local_timestamp":1739797211103,"message_id":399,"output":"\u001b[1;38;5;39mCOMET INFO:\u001b[0m     hyp|warmup_momentum : 0.8\n","stderr":true},"type":"standard_output"}
{"payload":{"local_timestamp":1739797211103,"message_id":400,"output":"\u001b[1;38;5;39mCOMET INFO:\u001b[0m     hyp|weight_decay    : 0.0005\n","stderr":true},"type":"standard_output"}
{"payload":{"local_timestamp":1739797211103,"message_id":401,"output":"\u001b[1;38;5;39mCOMET INFO:\u001b[0m     image_weights       : False\n","stderr":true},"type":"standard_output"}
{"payload":{"local_timestamp":1739797211103,"message_id":402,"output":"\u001b[1;38;5;39mCOMET INFO:\u001b[0m     imgsz               : 1024\n","stderr":true},"type":"standard_output"}
{"payload":{"local_timestamp":1739797211103,"message_id":403,"output":"\u001b[1;38;5;39mCOMET INFO:\u001b[0m     iou_t               : 0.2\n","stderr":true},"type":"standard_output"}
{"payload":{"local_timestamp":1739797211103,"message_id":404,"output":"\u001b[1;38;5;39mCOMET INFO:\u001b[0m     label_smoothing     : 0.0\n","stderr":true},"type":"standard_output"}
{"payload":{"local_timestamp":1739797211104,"message_id":405,"output":"\u001b[1;38;5;39mCOMET INFO:\u001b[0m     local_rank          : -1\n","stderr":true},"type":"standard_output"}
{"payload":{"local_timestamp":1739797211104,"message_id":406,"output":"\u001b[1;38;5;39mCOMET INFO:\u001b[0m     lr0                 : 0.01\n","stderr":true},"type":"standard_output"}
{"payload":{"local_timestamp":1739797211104,"message_id":407,"output":"\u001b[1;38;5;39mCOMET INFO:\u001b[0m     lrf                 : 0.1\n","stderr":true},"type":"standard_output"}
{"payload":{"local_timestamp":1739797211104,"message_id":408,"output":"\u001b[1;38;5;39mCOMET INFO:\u001b[0m     mixup               : 0.1\n","stderr":true},"type":"standard_output"}
{"payload":{"local_timestamp":1739797211104,"message_id":409,"output":"\u001b[1;38;5;39mCOMET INFO:\u001b[0m     momentum            : 0.937\n","stderr":true},"type":"standard_output"}
{"payload":{"local_timestamp":1739797211104,"message_id":410,"output":"\u001b[1;38;5;39mCOMET INFO:\u001b[0m     mosaic              : 1.0\n","stderr":true},"type":"standard_output"}
{"payload":{"local_timestamp":1739797211104,"message_id":411,"output":"\u001b[1;38;5;39mCOMET INFO:\u001b[0m     multi_scale         : False\n","stderr":true},"type":"standard_output"}
{"payload":{"local_timestamp":1739797211104,"message_id":412,"output":"\u001b[1;38;5;39mCOMET INFO:\u001b[0m     name                : exp\n","stderr":true},"type":"standard_output"}
{"payload":{"local_timestamp":1739797211104,"message_id":413,"output":"\u001b[1;38;5;39mCOMET INFO:\u001b[0m     ndjson_console      : False\n","stderr":true},"type":"standard_output"}
{"payload":{"local_timestamp":1739797211104,"message_id":414,"output":"\u001b[1;38;5;39mCOMET INFO:\u001b[0m     ndjson_file         : False\n","stderr":true},"type":"standard_output"}
{"payload":{"local_timestamp":1739797211104,"message_id":415,"output":"\u001b[1;38;5;39mCOMET INFO:\u001b[0m     noautoanchor        : False\n","stderr":true},"type":"standard_output"}
{"payload":{"local_timestamp":1739797211104,"message_id":416,"output":"\u001b[1;38;5;39mCOMET INFO:\u001b[0m     noplots             : False\n","stderr":true},"type":"standard_output"}
{"payload":{"local_timestamp":1739797211104,"message_id":417,"output":"\u001b[1;38;5;39mCOMET INFO:\u001b[0m     nosave              : False\n","stderr":true},"type":"standard_output"}
{"payload":{"local_timestamp":1739797211104,"message_id":418,"output":"\u001b[1;38;5;39mCOMET INFO:\u001b[0m     noval               : False\n","stderr":true},"type":"standard_output"}
{"payload":{"local_timestamp":1739797211104,"message_id":419,"output":"\u001b[1;38;5;39mCOMET INFO:\u001b[0m     obj                 : 0.7\n","stderr":true},"type":"standard_output"}
{"payload":{"local_timestamp":1739797211104,"message_id":420,"output":"\u001b[1;38;5;39mCOMET INFO:\u001b[0m     obj_pw              : 1.0\n","stderr":true},"type":"standard_output"}
{"payload":{"local_timestamp":1739797211104,"message_id":421,"output":"\u001b[1;38;5;39mCOMET INFO:\u001b[0m     optimizer           : SGD\n","stderr":true},"type":"standard_output"}
{"payload":{"local_timestamp":1739797211104,"message_id":422,"output":"\u001b[1;38;5;39mCOMET INFO:\u001b[0m     patience            : 100\n","stderr":true},"type":"standard_output"}
{"payload":{"local_timestamp":1739797211104,"message_id":423,"output":"\u001b[1;38;5;39mCOMET INFO:\u001b[0m     perspective         : 0.0\n","stderr":true},"type":"standard_output"}
{"payload":{"local_timestamp":1739797211104,"message_id":424,"output":"\u001b[1;38;5;39mCOMET INFO:\u001b[0m     project             : runs/train\n","stderr":true},"type":"standard_output"}
{"payload":{"local_timestamp":1739797211104,"message_id":425,"output":"\u001b[1;38;5;39mCOMET INFO:\u001b[0m     quad                : False\n","stderr":true},"type":"standard_output"}
{"payload":{"local_timestamp":1739797211106,"message_id":426,"output":"\u001b[1;38;5;39mCOMET INFO:\u001b[0m     rect                : False\n","stderr":true},"type":"standard_output"}
{"payload":{"local_timestamp":1739797211106,"message_id":427,"output":"\u001b[1;38;5;39mCOMET INFO:\u001b[0m     resume              : False\n","stderr":true},"type":"standard_output"}
{"payload":{"local_timestamp":1739797211106,"message_id":428,"output":"\u001b[1;38;5;39mCOMET INFO:\u001b[0m     resume_evolve       : None\n","stderr":true},"type":"standard_output"}
{"payload":{"local_timestamp":1739797211110,"message_id":429,"output":"\u001b[1;38;5;39mCOMET INFO:\u001b[0m     save_dir            : runs/train/exp3\n","stderr":true},"type":"standard_output"}
{"payload":{"local_timestamp":1739797211111,"message_id":430,"output":"\u001b[1;38;5;39mCOMET INFO:\u001b[0m     save_period         : -1\n","stderr":true},"type":"standard_output"}
{"payload":{"local_timestamp":1739797211111,"message_id":431,"output":"\u001b[1;38;5;39mCOMET INFO:\u001b[0m     scale               : 0.9\n","stderr":true},"type":"standard_output"}
{"payload":{"local_timestamp":1739797211112,"message_id":432,"output":"\u001b[1;38;5;39mCOMET INFO:\u001b[0m     seed                : 0\n","stderr":true},"type":"standard_output"}
{"payload":{"local_timestamp":1739797211112,"message_id":433,"output":"\u001b[1;38;5;39mCOMET INFO:\u001b[0m     shear               : 0.0\n","stderr":true},"type":"standard_output"}
{"payload":{"local_timestamp":1739797211114,"message_id":434,"output":"\u001b[1;38;5;39mCOMET INFO:\u001b[0m     single_cls          : False\n","stderr":true},"type":"standard_output"}
{"payload":{"local_timestamp":1739797211115,"message_id":435,"output":"\u001b[1;38;5;39mCOMET INFO:\u001b[0m     sync_bn             : False\n","stderr":true},"type":"standard_output"}
{"payload":{"local_timestamp":1739797211115,"message_id":436,"output":"\u001b[1;38;5;39mCOMET INFO:\u001b[0m     translate           : 0.1\n","stderr":true},"type":"standard_output"}
{"payload":{"local_timestamp":1739797211115,"message_id":437,"output":"\u001b[1;38;5;39mCOMET INFO:\u001b[0m     upload_dataset      : False\n","stderr":true},"type":"standard_output"}
{"payload":{"local_timestamp":1739797211115,"message_id":438,"output":"\u001b[1;38;5;39mCOMET INFO:\u001b[0m     val_conf_threshold  : 0.001\n","stderr":true},"type":"standard_output"}
{"payload":{"local_timestamp":1739797211116,"message_id":439,"output":"\u001b[1;38;5;39mCOMET INFO:\u001b[0m     val_iou_threshold   : 0.6\n","stderr":true},"type":"standard_output"}
{"payload":{"local_timestamp":1739797211116,"message_id":440,"output":"\u001b[1;38;5;39mCOMET INFO:\u001b[0m     warmup_bias_lr      : 0.1\n","stderr":true},"type":"standard_output"}
{"payload":{"local_timestamp":1739797211116,"message_id":441,"output":"\u001b[1;38;5;39mCOMET INFO:\u001b[0m     warmup_epochs       : 3.0\n","stderr":true},"type":"standard_output"}
{"payload":{"local_timestamp":1739797211116,"message_id":442,"output":"\u001b[1;38;5;39mCOMET INFO:\u001b[0m     warmup_momentum     : 0.8\n","stderr":true},"type":"standard_output"}
{"payload":{"local_timestamp":1739797211116,"message_id":443,"output":"\u001b[1;38;5;39mCOMET INFO:\u001b[0m     weight_decay        : 0.0005\n","stderr":true},"type":"standard_output"}
{"payload":{"local_timestamp":1739797211117,"message_id":444,"output":"\u001b[1;38;5;39mCOMET INFO:\u001b[0m     workers             : 8\n","stderr":true},"type":"standard_output"}
{"payload":{"local_timestamp":1739797211117,"message_id":445,"output":"\u001b[1;38;5;39mCOMET INFO:\u001b[0m   Uploads:\n","stderr":true},"type":"standard_output"}
{"payload":{"local_timestamp":1739797211121,"message_id":446,"output":"\u001b[1;38;5;39mCOMET INFO:\u001b[0m     asset               : 3 (1.16 KB)\n","stderr":true},"type":"standard_output"}
{"payload":{"local_timestamp":1739797211121,"message_id":447,"output":"\u001b[1;38;5;39mCOMET INFO:\u001b[0m     environment details : 1\n","stderr":true},"type":"standard_output"}
{"payload":{"local_timestamp":1739797211122,"message_id":448,"output":"\u001b[1;38;5;39mCOMET INFO:\u001b[0m     git metadata        : 1\n","stderr":true},"type":"standard_output"}
{"payload":{"local_timestamp":1739797211122,"message_id":449,"output":"\u001b[1;38;5;39mCOMET INFO:\u001b[0m     installed packages  : 1\n","stderr":true},"type":"standard_output"}
{"payload":{"local_timestamp":1739797211122,"message_id":450,"output":"\u001b[1;38;5;39mCOMET INFO:\u001b[0m \n","stderr":true},"type":"standard_output"}
